timestamp;x;y;theta
1677080847317;-0.7346;0.5912;0
1677080847342;-0.7346;0.5912;0
1677080847355;-0.7346;0.5912;0
1677080847382;-0.7346;0.5912;0
1677080847400;-0.7346;0.5912;0
1677080847418;-0.7346;0.5912;0
1677080847438;-0.7346;0.5912;0
1677080847455;-0.7346;0.5912;0
1677080847478;-0.7346;0.5912;0
1677080847500;-0.7346;0.5912;0
1677080847521;-0.7346;0.5912;0
1677080847537;-0.7346;0.5912;0
1677080847557;-0.7346;0.5912;0
1677080847574;-0.7346;0.5912;0
1677080847598;-0.7346;0.5912;0
1677080847614;-0.7346;0.5912;0
1677080847638;-0.7346;0.5912;0
1677080847657;-0.7346;0.5912;0
1677080847674;-0.7346;0.5912;0
1677080847700;-0.7346;0.5912;0
1677080847717;-0.7346;0.5912;0
1677080847743;-0.7346;0.5912;0
1677080847760;-0.7346;0.5912;0
1677080847777;-0.7346;0.5912;0
1677080847793;-0.7346;0.5912;0
1677080847826;-0.7346;0.5912;0
1677080847839;-0.7346;0.5912;0
1677080847858;-0.7346;0.5912;0
1677080847878;-0.7346;0.5912;0
1677080847898;-0.7346;0.5912;0
1677080847915;-0.7346;0.5912;0
1677080847938;-0.7346;0.5912;0
1677080847955;-0.7346;0.5912;0
1677080847981;-0.7346;0.5912;0
1677080847998;-0.7346;0.5912;0
1677080848021;-0.7346;0.5912;0
1677080848037;-0.7346;0.5912;0
1677080848058;-0.7346;0.5912;0
1677080848075;-0.7346;0.5912;0
1677080848099;-0.7346;0.5912;0
1677080848116;-0.7346;0.5912;0
1677080848134;-0.7346;0.5912;0
1677080848155;-0.7346;0.5912;0
1677080848180;-0.7346;0.5912;0
1677080848199;-0.7346;0.5912;0
1677080848222;-0.7346;0.5912;0
1677080848237;-0.7346;0.5912;0
1677080848256;-0.7346;0.5912;0
1677080848273;-0.7346;0.5912;0
1677080848299;-0.7346;0.5912;0
1677080848319;-0.7346;0.5912;0
1677080848339;-0.7346;0.5912;0
1677080848355;-0.7346;0.5912;0
1677080848373;-0.7346;0.5912;0
1677080848398;-0.7346;0.5912;0
1677080848415;-0.7346;0.5912;0
1677080848438;-0.7346;0.5912;0
1677080848456;-0.7346;0.5912;0
1677080848472;-0.7346;0.5912;0
1677080848500;-0.7346;0.5912;0
1677080848520;-0.7346;0.5912;0
1677080848535;-0.7346;0.5912;0
1677080848557;-0.7346;0.5912;0
1677080848575;-0.7346;0.5912;0
1677080848597;-0.7346;0.5912;0
1677080848618;-0.7346;0.5912;0
1677080848638;-0.7346;0.5912;0
1677080848660;-0.7346;0.5912;0
1677080848675;-0.7346;0.5912;0
1677080848693;-0.7346;0.5912;0
1677080848716;-0.7346;0.5912;0
1677080848734;-0.7346;0.5912;0
1677080848766;-0.7346;0.5912;0
1677080848785;-0.7346;0.5912;0
1677080848800;-0.7346;0.5912;0
1677080848822;-0.7346;0.5912;0
1677080848843;-0.7346;0.5912;0
1677080848858;-0.7346;0.5912;0
1677080848875;-0.7346;0.5912;0
1677080848899;-0.7346;0.5912;0
1677080848917;-0.7346;0.5912;0
1677080848944;-0.7346;0.5912;0
1677080848955;-0.7346;0.5912;0
1677080848974;-0.7346;0.5912;0
1677080848998;-0.7346;0.5912;0
1677080849018;-0.7346;0.5912;0
1677080849040;-0.7346;0.5912;0
1677080849055;-0.7346;0.5912;0
1677080849074;-0.7346;0.5912;0
1677080849103;-0.7346;0.5912;0
1677080849118;-0.7346;0.5912;0
1677080849138;-0.7346;0.5912;0
1677080849156;-0.7346;0.5912;0
1677080849181;-0.7346;0.5912;0
1677080849199;-0.7346;0.5912;0
1677080849217;-0.7346;0.5912;0
1677080849237;-0.7346;0.5912;0
1677080849255;-0.7346;0.5912;0
1677080849273;-0.7346;0.5912;0
1677080849298;-0.7346;0.5912;0
1677080849316;-0.7346;0.5912;0
1677080849338;-0.7346;0.5912;0
1677080849358;-0.7346;0.5912;0
1677080849373;-0.7346;0.5912;0
1677080849398;-0.7346;0.5912;0
1677080849418;-0.7346;0.5912;0
1677080849435;-0.7311199999999999;0.5912;0
1677080849456;-0.7276399999999997;0.5912;0
1677080849474;-0.7241599999999996;0.5912;0
1677080849500;-0.7206799999999994;0.5912;0
1677080849517;-0.7171999999999993;0.5912;0
1677080849542;-0.7137199999999991;0.5912;0
1677080849556;-0.710239999999999;0.5912;0
1677080849575;-0.7067599999999988;0.5912;0
1677080849599;-0.7032799999999987;0.5912;0
1677080849618;-0.6997999999999985;0.5912;0
1677080849637;-0.6963199999999984;0.5912;0
1677080849658;-0.6928399999999982;0.5912;0
1677080849675;-0.6893599999999981;0.5912;0
1677080849699;-0.6858799999999979;0.5912;0
1677080849722;-0.6823999999999978;0.5912;0
1677080849735;-0.6789199999999976;0.5912;0
1677080849757;-0.6754399999999975;0.5912;0
1677080849776;-0.6719599999999973;0.5912;0
1677080849795;-0.6684799999999972;0.5912;0
1677080849820;-0.664999999999997;0.5912;0
1677080849835;-0.6615199999999969;0.5912;0
1677080849858;-0.6580399999999967;0.5912;0
1677080849876;-0.6545599999999966;0.5912;0
1677080849899;-0.6510799999999964;0.5912;0
1677080849918;-0.6475999999999963;0.5912;0
1677080849936;-0.6441199999999961;0.5912;0
1677080849956;-0.640639999999996;0.5912;0
1677080849982;-0.6371599999999958;0.5912;0
1677080849997;-0.6336799999999957;0.5912;0
1677080850016;-0.6301999999999955;0.5912;0
1677080850034;-0.6267199999999954;0.5912;0
1677080850056;-0.6232399999999952;0.5912;0
1677080850074;-0.6197599999999951;0.5912;0
1677080850099;-0.6162799999999949;0.5912;0
1677080850117;-0.6127999999999948;0.5912;0
1677080850139;-0.6093199999999946;0.5912;0
1677080850156;-0.6058399999999945;0.5912;0
1677080850174;-0.6023599999999943;0.5912;0
1677080850199;-0.5988799999999942;0.5912;0
1677080850218;-0.595399999999994;0.5912;0
1677080850239;-0.5919199999999939;0.5912;0
1677080850256;-0.5884399999999937;0.5912;0
1677080850278;-0.5849599999999936;0.5912;0
1677080850299;-0.5814799999999934;0.5912;0
1677080850319;-0.5779999999999933;0.5912;0
1677080850339;-0.5745199999999931;0.5912;0
1677080850356;-0.571039999999993;0.5912;0
1677080850373;-0.5675599999999928;0.5912;0
1677080850401;-0.5640799999999927;0.5912;0
1677080850421;-0.5605999999999925;0.5912;0
1677080850438;-0.5575399999999934;0.5912;0
1677080850457;-0.5544799999999942;0.5912;0
1677080850475;-0.551419999999995;0.5912;0
1677080850493;-0.5483599999999959;0.5912;0
1677080850518;-0.5452999999999967;0.5912;0
1677080850540;-0.5422399999999975;0.5912;0
1677080850558;-0.5391799999999983;0.5912;0
1677080850576;-0.5361199999999992;0.5912;0
1677080850596;-0.53306;0.5912;0
1677080850619;-0.5300000000000008;0.5912;0
1677080850640;-0.5269400000000016;0.5912;0
1677080850659;-0.5238800000000025;0.5912;0
1677080850676;-0.5208200000000033;0.5912;0
1677080850694;-0.5177600000000041;0.5912;0
1677080850714;-0.5147000000000049;0.5912;0
1677080850733;-0.5116400000000058;0.5912;0
1677080850758;-0.5085800000000066;0.5912;0
1677080850777;-0.5055200000000074;0.5912;0
1677080850795;-0.5024600000000082;0.5912;0
1677080850823;-0.49940000000000884;0.5912;0
1677080850840;-0.49634000000000855;0.5912;0
1677080850860;-0.49328000000000827;0.5912;0
1677080850875;-0.490220000000008;0.5912;0
1677080850900;-0.4871600000000077;0.5912;0
1677080850918;-0.4841000000000074;0.5912;0
1677080850937;-0.48104000000000713;0.5912;0
1677080850956;-0.47798000000000684;0.5912;0
1677080850974;-0.47492000000000656;0.5912;0
1677080851000;-0.4718600000000063;0.5912;0
1677080851019;-0.468800000000006;0.5912;0
1677080851039;-0.4657400000000057;0.5912;0
1677080851057;-0.4626800000000054;0.5912;0
1677080851074;-0.45962000000000514;0.5912;0
1677080851100;-0.45656000000000485;0.5912;0
1677080851118;-0.45350000000000457;0.5912;0
1677080851140;-0.4504400000000043;0.5912;0
1677080851156;-0.447380000000004;0.5912;0
1677080851174;-0.4443200000000037;0.5912;0
1677080851200;-0.4412600000000034;0.5912;0
1677080851219;-0.43820000000000314;0.5912;0
1677080851239;-0.43514000000000286;0.5912;0
1677080851256;-0.4320800000000026;0.5912;0
1677080851274;-0.4290200000000023;0.5912;0
1677080851299;-0.425960000000002;0.5912;0
1677080851317;-0.4229000000000017;0.5912;0
1677080851339;-0.41984000000000143;0.5912;0
1677080851357;-0.41678000000000115;0.5912;0
1677080851374;-0.41372000000000086;0.5912;0
1677080851400;-0.4106600000000006;0.5912;0
1677080851417;-0.4076000000000003;0.5912;0
1677080851438;-0.40491999999999984;0.5912;0
1677080851457;-0.4022399999999994;0.5912;0
1677080851474;-0.3995599999999989;0.5912;0
1677080851493;-0.39687999999999846;0.5912;0
1677080851518;-0.394199999999998;0.5912;0
1677080851539;-0.39151999999999754;0.5912;0
1677080851559;-0.3888399999999971;0.5912;0
1677080851575;-0.3861599999999966;0.5912;0
1677080851593;-0.38347999999999616;0.5912;0
1677080851620;-0.3807999999999957;0.5912;0
1677080851641;-0.37811999999999524;0.5912;0
1677080851659;-0.3754399999999948;0.5912;0
1677080851678;-0.3727599999999943;0.5912;0
1677080851693;-0.37007999999999386;0.5912;0
1677080851718;-0.3673999999999934;0.5912;0
1677080851740;-0.36471999999999294;0.5912;0
1677080851759;-0.3620399999999925;0.5912;0
1677080851774;-0.359359999999992;0.5912;0
1677080851795;-0.35667999999999156;0.5912;0
1677080851818;-0.3539999999999911;0.5912;0
1677080851840;-0.35131999999999064;0.5912;0
1677080851857;-0.3486399999999902;0.5912;0
1677080851875;-0.3459599999999897;0.5912;0
1677080851901;-0.34327999999998926;0.5912;0
1677080851918;-0.3405999999999888;0.5912;0
1677080851937;-0.33791999999998834;0.5912;0
1677080851957;-0.3352399999999879;0.5912;0
1677080851984;-0.3325599999999874;0.5912;0
1677080851996;-0.32987999999998696;0.5912;0
1677080852017;-0.3271999999999865;0.5912;0
1677080852036;-0.32451999999998604;0.5912;0
1677080852056;-0.3218399999999856;0.5912;0
1677080852074;-0.3191599999999851;0.5912;0
1677080852100;-0.31647999999998466;0.5912;0
1677080852117;-0.3137999999999842;0.5912;0
1677080852137;-0.31111999999998374;0.5912;0
1677080852157;-0.3084399999999833;0.5912;0
1677080852174;-0.3057599999999828;0.5912;0
1677080852199;-0.30307999999998236;0.5912;0
1677080852219;-0.3003999999999819;0.5912;0
1677080852237;-0.29771999999998144;0.5912;0
1677080852257;-0.295039999999981;0.5912;0
1677080852274;-0.2923599999999805;0.5912;0
1677080852301;-0.28967999999998006;0.5912;0
1677080852319;-0.2869999999999796;0.5912;0
1677080852340;-0.28431999999997914;0.5912;0
1677080852356;-0.2816399999999787;0.5912;0
1677080852375;-0.2789599999999782;0.5912;0
1677080852400;-0.27627999999997777;0.5912;0
1677080852415;-0.2735999999999773;0.5912;0
1677080852436;-0.27123999999997717;0.5912;0
1677080852453;-0.268879999999977;0.5912;0
1677080852474;-0.2665199999999769;0.5912;0
1677080852493;-0.26415999999997675;0.5912;0
1677080852518;-0.2617999999999766;0.5912;0
1677080852540;-0.25943999999997647;0.5912;0
1677080852559;-0.2570799999999763;0.5912;0
1677080852576;-0.2547199999999762;0.5912;0
1677080852600;-0.25235999999997605;0.5912;0
1677080852625;-0.2499999999999759;0.5912;0
1677080852639;-0.24763999999997577;0.5912;0
1677080852657;-0.24527999999997563;0.5912;0
1677080852675;-0.2429199999999755;0.5912;0
1677080852693;-0.24055999999997535;0.5912;0
1677080852718;-0.2381999999999752;0.5912;0
1677080852736;-0.23583999999997507;0.5912;0
1677080852754;-0.23347999999997493;0.5912;0
1677080852777;-0.2311199999999748;0.5912;0
1677080852794;-0.22875999999997465;0.5912;0
1677080852813;-0.2263999999999745;0.5912;0
1677080852841;-0.22403999999997437;0.5912;0
1677080852859;-0.22167999999997423;0.5912;0
1677080852876;-0.2193199999999741;0.5912;0
1677080852893;-0.21695999999997395;0.5912;0
1677080852918;-0.2145999999999738;0.5912;0
1677080852936;-0.21223999999997367;0.5912;0
1677080852954;-0.20987999999997353;0.5912;0
1677080852974;-0.2075199999999734;0.5912;0
1677080853001;-0.20515999999997325;0.5912;0
1677080853023;-0.2027999999999731;0.5912;0
1677080853039;-0.20043999999997297;0.5912;0
1677080853058;-0.19807999999997283;0.5912;0
1677080853074;-0.1957199999999727;0.5912;0
1677080853105;-0.19335999999997255;0.5912;0
1677080853118;-0.19099999999997241;0.5912;0
1677080853140;-0.18863999999997227;0.5912;0
1677080853156;-0.18627999999997213;0.5912;0
1677080853175;-0.183919999999972;0.5912;0
1677080853196;-0.18155999999997186;0.5912;0
1677080853223;-0.17919999999997172;0.5912;0
1677080853237;-0.17683999999997158;0.5912;0
1677080853259;-0.17447999999997144;0.5912;0
1677080853275;-0.1721199999999713;0.5912;0
1677080853306;-0.16975999999997116;0.5912;0
1677080853323;-0.16739999999997102;0.5912;0
1677080853342;-0.16503999999997088;0.5912;0
1677080853358;-0.16267999999997074;0.5912;0
1677080853375;-0.1603199999999706;0.5912;0
1677080853393;-0.15795999999997046;0.5912;0
1677080853424;-0.15559999999997032;0.5912;0
1677080853441;-0.15351999999997046;0.5912;0
1677080853459;-0.1514399999999706;0.5912;0
1677080853475;-0.14935999999997074;0.5912;0
1677080853494;-0.14727999999997088;0.5912;0
1677080853513;-0.14519999999997102;0.5912;0
1677080853533;-0.14311999999997116;0.5912;0
1677080853559;-0.1410399999999713;0.5912;0
1677080853575;-0.13895999999997144;0.5912;0
1677080853595;-0.13687999999997158;0.5912;0
1677080853625;-0.13479999999997172;0.5912;0
1677080853642;-0.13271999999997186;0.5912;0
1677080853661;-0.130639999999972;0.5912;0
1677080853677;-0.12855999999997214;0.5912;0
1677080853694;-0.12647999999997228;0.5912;0
1677080853713;-0.12439999999997234;0.5912;0
1677080853742;-0.1223199999999722;0.5912;0
1677080853759;-0.12023999999997206;0.5912;0
1677080853778;-0.11815999999997193;0.5912;0
1677080853794;-0.11607999999997179;0.5912;0
1677080853813;-0.11399999999997165;0.5912;0
1677080853842;-0.11191999999997151;0.5912;0
1677080853859;-0.10983999999997138;0.5912;0
1677080853876;-0.10775999999997124;0.5912;0
1677080853903;-0.1056799999999711;0.5912;0
1677080853918;-0.10359999999997097;0.5912;0
1677080853939;-0.10151999999997083;0.5912;0
1677080853954;-0.09943999999997069;0.5912;0
1677080853974;-0.09735999999997055;0.5912;0
1677080854001;-0.09527999999997042;0.5912;0
1677080854022;-0.09319999999997028;0.5912;0
1677080854040;-0.09111999999997014;0.5912;0
1677080854059;-0.08903999999997;0.5912;0
1677080854075;-0.08695999999996987;0.5912;0
1677080854093;-0.08487999999996973;0.5912;0
1677080854118;-0.08279999999996959;0.5912;0
1677080854138;-0.08071999999996946;0.5912;0
1677080854154;-0.07863999999996932;0.5912;0
1677080854175;-0.07655999999996918;0.5912;0
1677080854193;-0.07447999999996904;0.5912;0
1677080854224;-0.0723999999999689;0.5912;0
1677080854238;-0.07031999999996877;0.5912;0
1677080854259;-0.06823999999996863;0.5912;0
1677080854275;-0.0661599999999685;0.5912;0
1677080854293;-0.06407999999996836;0.5912;0
1677080854315;-0.061999999999968254;0.5912;0
1677080854340;-0.059919999999968256;0.5912;0
1677080854357;-0.05783999999996826;0.5912;0
1677080854376;-0.05575999999996826;0.5912;0
1677080854394;-0.05367999999996826;0.5912;0
1677080854421;-0.05159999999996826;0.5912;0
1677080854441;-0.049759999999968225;0.5912;0
1677080854459;-0.04791999999996819;0.5912;0
1677080854477;-0.04607999999996815;0.5912;0
1677080854495;-0.04423999999996812;0.5912;0
1677080854513;-0.04239999999996808;0.5912;0
1677080854543;-0.040559999999968045;0.5912;0
1677080854559;-0.03871999999996801;0.5912;0
1677080854577;-0.03687999999996797;0.5912;0
1677080854595;-0.03503999999996794;0.5912;0
1677080854626;-0.0331999999999679;0.5912;0
1677080854642;-0.031359999999967865;0.5912;0
1677080854662;-0.029519999999967895;0.5912;0
1677080854678;-0.027679999999967928;0.5912;0
1677080854695;-0.02583999999996796;0.5912;0
1677080854726;-0.023999999999967995;0.5912;0
1677080854743;-0.022159999999968028;0.5912;0
1677080854760;-0.02031999999996806;0.5912;0
1677080854778;-0.018479999999968095;0.5912;0
1677080854795;-0.016639999999968128;0.5912;0
1677080854813;-0.014799999999968146;0.5912;0
1677080854842;-0.012959999999968145;0.5912;0
1677080854860;-0.011119999999968143;0.5912;0
1677080854877;-0.009279999999968142;0.5912;0
1677080854893;-0.0074399999999681405;0.5912;0
1677080854920;-0.005599999999968139;0.5912;0
1677080854939;-0.003759999999968138;0.5912;0
1677080854958;-0.0019199999999681364;0.5912;0
1677080854979;-0.0000799999999681359;0.5912;0
1677080854995;0.0017600000000318645;0.5912;0
1677080855027;0.003600000000031866;0.5912;0
1677080855039;0.005440000000031867;0.5912;0
1677080855063;0.007280000000031869;0.5912;0
1677080855078;0.00912000000003187;0.5912;0
1677080855095;0.010960000000031871;0.5912;0
1677080855117;0.012800000000031873;0.5912;0
1677080855143;0.014640000000031874;0.5912;0
1677080855155;0.016480000000031858;0.5912;0
1677080855176;0.018320000000031825;0.5912;0
1677080855193;0.02016000000003179;0.5912;0
1677080855221;0.022000000000031758;0.5912;0
1677080855239;0.023840000000031725;0.5912;0
1677080855259;0.02568000000003169;0.5912;0
1677080855275;0.027520000000031658;0.5912;0
1677080855293;0.029360000000031625;0.5912;0
1677080855318;0.03120000000003159;0.5912;0
1677080855341;0.03304000000003163;0.5912;0
1677080855358;0.03488000000003166;0.5912;0
1677080855376;0.0367200000000317;0.5912;0
1677080855393;0.038560000000031736;0.5912;0
1677080855424;0.04040000000003177;0.5912;0
1677080855442;0.042020000000031726;0.5912;0
1677080855459;0.04364000000003168;0.5912;0
1677080855478;0.045260000000031636;0.5912;0
1677080855495;0.04688000000003159;0.5912;0
1677080855515;0.048500000000031546;0.5912;0
1677080855544;0.0501200000000315;0.5912;0
1677080855559;0.051740000000031455;0.5912;0
1677080855577;0.05336000000003141;0.5912;0
1677080855595;0.054980000000031365;0.5912;0
1677080855613;0.05660000000003132;0.5912;0
1677080855645;0.058220000000031275;0.5912;0
1677080855660;0.05984000000003123;0.5912;0
1677080855678;0.061460000000031184;0.5912;0
1677080855695;0.06308000000003114;0.5912;0
1677080855713;0.0647000000000311;0.5912;0
1677080855742;0.06632000000003105;0.5912;0
1677080855761;0.067940000000031;0.5912;0
1677080855779;0.06956000000003096;0.5912;0
1677080855796;0.07118000000003091;0.5912;0
1677080855813;0.07280000000003087;0.5912;0
1677080855846;0.07442000000003082;0.5912;0
1677080855862;0.07604000000003078;0.5912;0
1677080855878;0.07766000000003073;0.5912;0
1677080855894;0.07928000000003069;0.5912;0
1677080855921;0.08090000000003064;0.5912;0
1677080855939;0.0825200000000306;0.5912;0
1677080855959;0.08414000000003055;0.5912;0
1677080855976;0.0857600000000305;0.5912;0
1677080855994;0.08738000000003046;0.5912;0
1677080856021;0.08900000000003042;0.5912;0
1677080856037;0.09062000000003037;0.5912;0
1677080856060;0.09224000000003033;0.5912;0
1677080856077;0.09386000000003028;0.5912;0
1677080856093;0.09548000000003024;0.5912;0
1677080856118;0.09710000000003019;0.5912;0
1677080856138;0.09872000000003014;0.5912;0
1677080856156;0.1003400000000301;0.5912;0
1677080856176;0.10196000000003005;0.5912;0
1677080856194;0.10358000000003001;0.5912;0
1677080856221;0.10520000000002996;0.5912;0
1677080856238;0.10682000000002992;0.5912;0
1677080856260;0.10844000000002987;0.5912;0
1677080856276;0.11006000000002983;0.5912;0
1677080856294;0.11168000000002978;0.5912;0
1677080856317;0.11330000000002974;0.5912;0
1677080856342;0.11492000000002969;0.5912;0
1677080856359;0.11654000000002965;0.5912;0
1677080856377;0.1181600000000296;0.5912;0
1677080856394;0.11978000000002956;0.5912;0
1677080856413;0.12140000000002951;0.5912;0
1677080856443;0.12284000000002956;0.5912;0
1677080856458;0.12428000000002962;0.5912;0
1677080856478;0.12572000000002953;0.5912;0
1677080856495;0.1271600000000293;0.5912;0
1677080856515;0.12860000000002908;0.5912;0
1677080856543;0.13004000000002885;0.5912;0
1677080856561;0.13148000000002863;0.5912;0
1677080856578;0.1329200000000284;0.5912;0
1677080856595;0.13436000000002818;0.5912;0
1677080856613;0.13580000000002795;0.5912;0
1677080856644;0.13724000000002773;0.5912;0
1677080856661;0.1386800000000275;0.5912;0
1677080856678;0.14012000000002728;0.5912;0
1677080856695;0.14156000000002705;0.5912;0
1677080856714;0.14300000000002683;0.5912;0
1677080856743;0.1444400000000266;0.5912;0
1677080856762;0.14588000000002638;0.5912;0
1677080856779;0.14732000000002615;0.5912;0
1677080856796;0.14876000000002593;0.5912;0
1677080856813;0.1502000000000257;0.5912;0
1677080856843;0.15164000000002548;0.5912;0
1677080856861;0.15308000000002525;0.5912;0
1677080856878;0.15452000000002503;0.5912;0
1677080856894;0.1559600000000248;0.5912;0
1677080856921;0.15740000000002458;0.5912;0
1677080856940;0.15884000000002435;0.5912;0
1677080856959;0.16028000000002413;0.5912;0
1677080856977;0.1617200000000239;0.5912;0
1677080856993;0.16316000000002367;0.5912;0
1677080857013;0.16460000000002345;0.5912;0
1677080857038;0.16604000000002322;0.5912;0
1677080857057;0.167480000000023;0.5912;0
1677080857076;0.16892000000002277;0.5912;0
1677080857093;0.17036000000002255;0.5912;0
1677080857117;0.17180000000002232;0.5912;0
1677080857138;0.1732400000000221;0.5912;0
1677080857156;0.17468000000002187;0.5912;0
1677080857177;0.17612000000002165;0.5912;0
1677080857193;0.17756000000002142;0.5912;0
1677080857221;0.1790000000000212;0.5912;0
1677080857238;0.18044000000002097;0.5912;0
1677080857261;0.18188000000002075;0.5912;0
1677080857281;0.18332000000002052;0.5912;0
1677080857293;0.1847600000000203;0.5912;0
1677080857318;0.18620000000002007;0.5912;0
1677080857343;0.18764000000001985;0.5912;0
1677080857357;0.18908000000001962;0.5912;0
1677080857377;0.1905200000000194;0.5912;0
1677080857394;0.19196000000001917;0.5912;0
1677080857413;0.19340000000001895;0.5912;0
1677080857444;0.1946600000000191;0.5912;0
1677080857454;0.19592000000001925;0.5912;0
1677080857477;0.1971800000000194;0.5912;0
1677080857493;0.19844000000001955;0.5912;0
1677080857515;0.1997000000000197;0.5912;0
1677080857545;0.20096000000001984;0.5912;0
1677080857562;0.20222000000002;0.5912;0
1677080857580;0.20348000000002014;0.5912;0
1677080857596;0.2047400000000203;0.5912;0
1677080857614;0.20600000000002044;0.5912;0
1677080857642;0.2072600000000206;0.5912;0
1677080857661;0.20852000000002074;0.5912;0
1677080857679;0.2097800000000209;0.5912;0
1677080857696;0.21104000000002104;0.5912;0
1677080857714;0.2123000000000212;0.5912;0
1677080857742;0.21356000000002134;0.5912;0
1677080857761;0.2148200000000215;0.5912;0
1677080857780;0.21608000000002164;0.5912;0
1677080857797;0.2173400000000218;0.5912;0
1677080857814;0.21860000000002194;0.5912;0
1677080857843;0.2198600000000221;0.5912;0
1677080857861;0.22112000000002224;0.5912;0
1677080857879;0.2223800000000224;0.5912;0
1677080857896;0.22364000000002254;0.5912;0
1677080857913;0.2249000000000227;0.5912;0
1677080857940;0.22616000000002284;0.5912;0
1677080857956;0.227420000000023;0.5912;0
1677080857977;0.22868000000002314;0.5912;0
1677080857993;0.2299400000000233;0.5912;0
1677080858022;0.23120000000002344;0.5912;0
1677080858038;0.2324600000000236;0.5912;0
1677080858060;0.23372000000002374;0.5912;0
1677080858077;0.2349800000000239;0.5912;0
1677080858094;0.23624000000002404;0.5912;0
1677080858116;0.2375000000000242;0.5912;0
1677080858139;0.23876000000002434;0.5912;0
1677080858156;0.2400200000000245;0.5912;0
1677080858177;0.24128000000002464;0.5912;0
1677080858194;0.2425400000000248;0.5912;0
1677080858222;0.24380000000002494;0.5912;0
1677080858238;0.2450600000000251;0.5912;0
1677080858260;0.24632000000002524;0.5912;0
1677080858277;0.2475800000000254;0.5912;0
1677080858294;0.24884000000002554;0.5912;0
1677080858325;0.25010000000002564;0.5912;0
1677080858343;0.25136000000002523;0.5912;0
1677080858361;0.2526200000000248;0.5912;0
1677080858377;0.2538800000000244;0.5912;0
1677080858394;0.255140000000024;0.5912;0
1677080858427;0.2564000000000236;0.5912;0
1677080858443;0.2575200000000236;0.5912;0
1677080858454;0.25864000000002363;0.5912;0
1677080858478;0.25976000000002364;0.5912;0
1677080858495;0.26088000000002365;0.5912;0
1677080858515;0.26200000000002366;0.5912;0
1677080858544;0.26312000000002367;0.5912;0
1677080858563;0.2642400000000237;0.5912;0
1677080858580;0.2653600000000237;0.5912;0
1677080858596;0.2664800000000237;0.5912;0
1677080858614;0.2676000000000237;0.5912;0
1677080858644;0.2687200000000237;0.5912;0
1677080858662;0.2698400000000237;0.5912;0
1677080858680;0.27096000000002374;0.5912;0
1677080858696;0.27208000000002375;0.5912;0
1677080858714;0.27320000000002376;0.5912;0
1677080858744;0.27432000000002377;0.5912;0
1677080858762;0.2754400000000238;0.5912;0
1677080858780;0.2765600000000238;0.5912;0
1677080858797;0.2776800000000238;0.5912;0
1677080858815;0.2788000000000238;0.5912;0
1677080858845;0.2799200000000238;0.5912;0
1677080858863;0.2810400000000238;0.5912;0
1677080858880;0.28216000000002384;0.5912;0
1677080858895;0.28328000000002385;0.5912;0
1677080858926;0.28440000000002386;0.5912;0
1677080858941;0.28552000000002387;0.5912;0
1677080858960;0.2866400000000239;0.5912;0
1677080858977;0.2877600000000239;0.5912;0
1677080858994;0.2888800000000239;0.5912;0
1677080859023;0.2900000000000239;0.5912;0
1677080859039;0.2911200000000239;0.5912;0
1677080859061;0.2922400000000239;0.5912;0
1677080859077;0.29336000000002393;0.5912;0
1677080859094;0.29448000000002394;0.5912;0
1677080859117;0.29560000000002395;0.5912;0
1677080859139;0.29672000000002396;0.5912;0
1677080859158;0.297840000000024;0.5912;0
1677080859178;0.298960000000024;0.5912;0
1677080859194;0.300080000000024;0.5912;0
1677080859222;0.301200000000024;0.5912;0
1677080859240;0.302320000000024;0.5912;0
1677080859261;0.303440000000024;0.5912;0
1677080859278;0.30456000000002403;0.5912;0
1677080859294;0.30568000000002404;0.5912;0
1677080859313;0.30680000000002405;0.5912;0
1677080859336;0.30792000000002406;0.5912;0
1677080859359;0.3090400000000241;0.5912;0
1677080859374;0.3101600000000241;0.5912;0
1677080859395;0.3112800000000241;0.5912;0
1677080859414;0.3124000000000241;0.5912;0
1677080859445;0.31338000000002453;0.5912;0
1677080859459;0.31436000000002495;0.5912;0
1677080859479;0.3153400000000254;0.5912;0
1677080859497;0.3163200000000258;0.5912;0
1677080859514;0.3173000000000262;0.5912;0
1677080859545;0.31828000000002665;0.5912;0
1677080859562;0.3192600000000271;0.5912;0
1677080859581;0.3202400000000275;0.5912;0
1677080859596;0.3212200000000279;0.5912;0
1677080859615;0.32220000000002835;0.5912;0
1677080859645;0.3231800000000288;0.5912;0
1677080859663;0.3241600000000292;0.5912;0
1677080859679;0.3251400000000296;0.5912;0
1677080859696;0.32612000000003005;0.5912;0
1677080859715;0.3271000000000305;0.5912;0
1677080859744;0.3280800000000309;0.5912;0
1677080859762;0.3290600000000313;0.5912;0
1677080859781;0.33004000000003175;0.5912;0
1677080859798;0.3310200000000322;0.5912;0
1677080859815;0.3320000000000326;0.5912;0
1677080859844;0.332980000000033;0.5912;0
1677080859863;0.33396000000003345;0.5912;0
1677080859879;0.3349400000000339;0.5912;0
1677080859895;0.3359200000000343;0.5912;0
1677080859918;0.3369000000000347;0.5912;0
1677080859940;0.33788000000003515;0.5912;0
1677080859958;0.3388600000000356;0.5912;0
1677080859977;0.339840000000036;0.5912;0
1677080859994;0.3408200000000364;0.5912;0
1677080860013;0.34180000000003685;0.5912;0
1677080860039;0.3427800000000373;0.5912;0
1677080860059;0.3437600000000377;0.5912;0
1677080860078;0.3447400000000381;0.5912;0
1677080860095;0.34572000000003855;0.5912;0
1677080860118;0.346700000000039;0.5912;0
1677080860140;0.3476800000000394;0.5912;0
1677080860157;0.3486600000000398;0.5912;0
1677080860178;0.34964000000004025;0.5912;0
1677080860195;0.3506200000000407;0.5912;0
1677080860213;0.3516000000000411;0.5912;0
1677080860241;0.3525800000000415;0.5912;0
1677080860259;0.35356000000004195;0.5912;0
1677080860277;0.3545400000000424;0.5912;0
1677080860295;0.3555200000000428;0.5912;0
1677080860313;0.3565000000000432;0.5912;0
1677080860343;0.35748000000004365;0.5912;0
1677080860361;0.3584600000000441;0.5912;0
1677080860378;0.3594400000000445;0.5912;0
1677080860395;0.3604200000000449;0.5912;0
1677080860414;0.36140000000004535;0.5912;0
1677080860444;0.36226000000004566;0.5912;0
1677080860460;0.36312000000004596;0.5912;0
1677080860478;0.36398000000004627;0.5912;0
1677080860497;0.36484000000004657;0.5912;0
1677080860514;0.3657000000000469;0.5912;0
1677080860545;0.3665600000000472;0.5912;0
1677080860563;0.3674200000000475;0.5912;0
1677080860581;0.3682800000000478;0.5912;0
1677080860597;0.3691400000000481;0.5912;0
1677080860617;0.3700000000000484;0.5912;0
1677080860648;0.3708600000000487;0.5912;0
1677080860664;0.371720000000049;0.5912;0
1677080860680;0.3725800000000493;0.5912;0
1677080860697;0.3734400000000496;0.5912;0
1677080860714;0.3743000000000499;0.5912;0
1677080860746;0.37516000000005023;0.5912;0
1677080860762;0.37602000000005054;0.5912;0
1677080860784;0.37688000000005084;0.5912;0
1677080860799;0.37774000000005115;0.5912;0
1677080860818;0.37860000000005145;0.5912;0
1677080860834;0.37946000000005176;0.5912;0
1677080860866;0.38032000000005206;0.5912;0
1677080860882;0.38118000000005237;0.5912;0
1677080860898;0.38204000000005267;0.5912;0
1677080860914;0.382900000000053;0.5912;0
1677080860943;0.3837600000000533;0.5912;0
1677080860959;0.3846200000000536;0.5912;0
1677080860978;0.3854800000000539;0.5912;0
1677080860995;0.3863400000000542;0.5912;0
1677080861023;0.3872000000000545;0.5912;0
1677080861038;0.3880600000000548;0.5912;0
1677080861059;0.3889200000000551;0.5912;0
1677080861075;0.3897800000000554;0.5912;0
1677080861096;0.3906400000000557;0.5912;0
1677080861113;0.391500000000056;0.5912;0
1677080861142;0.39236000000005633;0.5912;0
1677080861158;0.39322000000005664;0.5912;0
1677080861179;0.39408000000005694;0.5912;0
1677080861195;0.39494000000005725;0.5912;0
1677080861213;0.39580000000005755;0.5912;0
1677080861240;0.39666000000005786;0.5912;0
1677080861258;0.39752000000005816;0.5912;0
1677080861278;0.39838000000005847;0.5912;0
1677080861295;0.39924000000005877;0.5912;0
1677080861313;0.4001000000000591;0.5912;0
1677080861341;0.4009600000000594;0.5912;0
1677080861360;0.4018200000000597;0.5912;0
1677080861379;0.40268000000006;0.5912;0
1677080861396;0.4035400000000603;0.5912;0
1677080861414;0.4044000000000606;0.5912;0
1677080861445;0.40516000000006025;0.5912;0
1677080861461;0.4059200000000599;0.5912;0
1677080861479;0.40668000000005955;0.5912;0
1677080861497;0.4074400000000592;0.5912;0
1677080861515;0.40820000000005885;0.5912;0
1677080861533;0.4089600000000585;0.5912;0
1677080861565;0.40972000000005815;0.5912;0
1677080861580;0.4104800000000578;0.5912;0
1677080861598;0.41124000000005745;0.5912;0
1677080861615;0.4120000000000571;0.5912;0
1677080861637;0.41276000000005675;0.5912;0
1677080861663;0.4135200000000564;0.5912;0
1677080861680;0.41428000000005605;0.5912;0
1677080861697;0.4150400000000557;0.5912;0
1677080861715;0.41580000000005535;0.5912;0
1677080861733;0.416560000000055;0.5912;0
1677080861762;0.41732000000005465;0.5912;0
1677080861780;0.4180800000000543;0.5912;0
1677080861799;0.41884000000005395;0.5912;0
1677080861817;0.4196000000000536;0.5912;0
1677080861846;0.42036000000005325;0.5912;0
1677080861864;0.4211200000000529;0.5912;0
1677080861880;0.42188000000005255;0.5912;0
1677080861896;0.4226400000000522;0.5912;0
1677080861917;0.42340000000005185;0.5912;0
1677080861941;0.4241600000000515;0.5912;0
1677080861958;0.42492000000005115;0.5912;0
1677080861978;0.4256800000000508;0.5912;0
1677080861995;0.42644000000005045;0.5912;0
1677080862013;0.4272000000000501;0.5912;0
1677080862041;0.42796000000004975;0.5912;0
1677080862060;0.4287200000000494;0.5912;0
1677080862080;0.42948000000004904;0.5912;0
1677080862095;0.4302400000000487;0.5912;0
1677080862113;0.43100000000004834;0.5912;0
1677080862141;0.431760000000048;0.5912;0
1677080862157;0.43252000000004764;0.5912;0
1677080862179;0.4332800000000473;0.5912;0
1677080862196;0.43404000000004694;0.5912;0
1677080862214;0.4348000000000466;0.5912;0
1677080862241;0.43556000000004624;0.5912;0
1677080862260;0.4363200000000459;0.5912;0
1677080862278;0.43708000000004554;0.5912;0
1677080862296;0.4378400000000452;0.5912;0
1677080862314;0.43860000000004484;0.5912;0
1677080862333;0.4393600000000445;0.5912;0
1677080862360;0.44012000000004414;0.5912;0
1677080862378;0.4408800000000438;0.5912;0
1677080862396;0.44164000000004344;0.5912;0
1677080862415;0.4424000000000431;0.5912;0
1677080862441;0.4430600000000432;0.5912;0
1677080862462;0.4437200000000433;0.5912;0
1677080862480;0.4443800000000434;0.5912;0
1677080862497;0.4450400000000435;0.5912;0
1677080862516;0.4457000000000436;0.5912;0
1677080862533;0.4463600000000437;0.5912;0
1677080862565;0.4470200000000438;0.5912;0
1677080862580;0.44768000000004393;0.5912;0
1677080862599;0.44834000000004404;0.5912;0
1677080862616;0.44900000000004414;0.5912;0
1677080862638;0.44966000000004425;0.5912;0
1677080862664;0.45032000000004435;0.5912;0
1677080862680;0.45098000000004446;0.5912;0
1677080862698;0.45164000000004456;0.5912;0
1677080862715;0.45230000000004467;0.5912;0
1677080862749;0.45296000000004477;0.5912;0
1677080862763;0.4536200000000449;0.5912;0
1677080862782;0.454280000000045;0.5912;0
1677080862799;0.4549400000000451;0.5912;0
1677080862817;0.4556000000000452;0.5912;0
1677080862845;0.4562600000000453;0.5912;0
1677080862864;0.4569200000000454;0.5912;0
1677080862881;0.4575800000000455;0.5912;0
1677080862897;0.4582400000000456;0.5912;0
1677080862914;0.4589000000000457;0.5912;0
1677080862942;0.4595600000000458;0.5912;0
1677080862960;0.4602200000000459;0.5912;0
1677080862979;0.46088000000004603;0.5912;0
1677080862996;0.46154000000004614;0.5912;0
1677080863013;0.46220000000004624;0.5912;0
1677080863043;0.46286000000004635;0.5912;0
1677080863060;0.46352000000004645;0.5912;0
1677080863080;0.46418000000004656;0.5912;0
1677080863096;0.46484000000004666;0.5912;0
1677080863114;0.46550000000004677;0.5912;0
1677080863142;0.46616000000004687;0.5912;0
1677080863159;0.466820000000047;0.5912;0
1677080863180;0.4674800000000471;0.5912;0
1677080863196;0.4681400000000472;0.5912;0
1677080863214;0.4688000000000473;0.5912;0
1677080863241;0.4694600000000474;0.5912;0
1677080863260;0.4701200000000475;0.5912;0
1677080863279;0.4707800000000476;0.5912;0
1677080863296;0.4714400000000477;0.5912;0
1677080863313;0.4721000000000478;0.5912;0
1677080863335;0.4727600000000479;0.5912;0
1677080863361;0.473420000000048;0.5912;0
1677080863379;0.47408000000004813;0.5912;0
1677080863397;0.47474000000004823;0.5912;0
1677080863413;0.47540000000004834;0.5912;0
1677080863437;0.47600000000004783;0.5912;0
1677080863454;0.4766000000000473;0.5912;0
1677080863481;0.4772000000000468;0.5912;0
1677080863497;0.4778000000000463;0.5912;0
1677080863516;0.4784000000000458;0.5912;0
1677080863534;0.4790000000000453;0.5912;0
1677080863564;0.47960000000004477;0.5912;0
1677080863579;0.48020000000004426;0.5912;0
1677080863598;0.48080000000004375;0.5912;0
1677080863616;0.48140000000004324;0.5912;0
1677080863636;0.4820000000000427;0.5912;0
1677080863663;0.4826000000000422;0.5912;0
1677080863681;0.4832000000000417;0.5912;0
1677080863698;0.4838000000000412;0.5912;0
1677080863715;0.4844000000000407;0.5912;0
1677080863734;0.4850000000000402;0.5912;0
1677080863762;0.48560000000003967;0.5912;0
1677080863782;0.48620000000003916;0.5912;0
1677080863800;0.48680000000003865;0.5912;0
1677080863818;0.48740000000003814;0.5912;0
1677080863833;0.4880000000000376;0.5912;0
1677080863864;0.4886000000000371;0.5912;0
1677080863880;0.4892000000000366;0.5912;0
1677080863897;0.4898000000000361;0.5912;0
1677080863915;0.4904000000000356;0.5912;0
1677080863942;0.4910000000000351;0.5912;0
1677080863958;0.49160000000003456;0.5912;0
1677080863979;0.49220000000003405;0.5912;0
1677080863996;0.49280000000003354;0.5912;0
1677080864013;0.49340000000003303;0.5912;0
1677080864041;0.4940000000000325;0.5912;0
1677080864061;0.494600000000032;0.5912;0
1677080864080;0.4952000000000315;0.5912;0
1677080864097;0.495800000000031;0.5912;0
1677080864114;0.4964000000000305;0.5912;0
1677080864142;0.49700000000003;0.5912;0
1677080864159;0.49760000000002946;0.5912;0
1677080864180;0.49820000000002895;0.5912;0
1677080864197;0.49880000000002844;0.5912;0
1677080864214;0.49940000000002793;0.5912;0
1677080864241;0.5000000000000274;0.5912;0
1677080864259;0.5006000000000269;0.5912;0
1677080864280;0.5012000000000264;0.5912;0
1677080864296;0.5018000000000259;0.5912;0
1677080864314;0.5024000000000254;0.5912;0
1677080864346;0.5030000000000249;0.5912;0
1677080864362;0.5036000000000244;0.5912;0
1677080864381;0.5042000000000239;0.5912;0
1677080864397;0.5048000000000233;0.5912;0
1677080864414;0.5054000000000228;0.5912;0
1677080864439;0.5059200000000222;0.5912;0
1677080864463;0.5064400000000217;0.5912;0
1677080864481;0.5069600000000211;0.5912;0
1677080864499;0.5074800000000205;0.5912;0
1677080864516;0.5080000000000199;0.5912;0
1677080864534;0.5085200000000193;0.5912;0
1677080864565;0.5090400000000187;0.5912;0
1677080864582;0.5095600000000181;0.5912;0
1677080864599;0.5100800000000175;0.5912;0
1677080864616;0.5106000000000169;0.5912;0
1677080864633;0.5111200000000163;0.5912;0
1677080864664;0.5116400000000157;0.5912;0
1677080864682;0.5121600000000152;0.5912;0
1677080864699;0.5126800000000146;0.5912;0
1677080864716;0.513200000000014;0.5912;0
1677080864733;0.5137200000000134;0.5912;0
1677080864763;0.5142400000000128;0.5912;0
1677080864782;0.5147600000000122;0.5912;0
1677080864800;0.5152800000000116;0.5912;0
1677080864818;0.515800000000011;0.5912;0
1677080864833;0.5163200000000104;0.5912;0
1677080864865;0.5168400000000098;0.5912;0
1677080864881;0.5173600000000093;0.5912;0
1677080864898;0.5178800000000087;0.5912;0
1677080864914;0.5184000000000081;0.5912;0
1677080864943;0.5189200000000075;0.5912;0
1677080864959;0.5194400000000069;0.5912;0
1677080864980;0.5199600000000063;0.5912;0
1677080864997;0.5204800000000057;0.5912;0
1677080865014;0.5210000000000051;0.5912;0
1677080865036;0.5215200000000045;0.5912;0
1677080865063;0.522040000000004;0.5912;0
1677080865076;0.5225600000000034;0.5912;0
1677080865097;0.5230800000000028;0.5912;0
1677080865114;0.5236000000000022;0.5912;0
1677080865142;0.5241200000000016;0.5912;0
1677080865160;0.524640000000001;0.5912;0
1677080865181;0.5251600000000004;0.5912;0
1677080865197;0.5256799999999998;0.5912;0
1677080865214;0.5261999999999992;0.5912;0
1677080865237;0.5267199999999986;0.5912;0
1677080865259;0.527239999999998;0.5912;0
1677080865276;0.5277599999999975;0.5912;0
1677080865297;0.5282799999999969;0.5912;0
1677080865314;0.5287999999999963;0.5912;0
1677080865346;0.5293199999999957;0.5912;0
1677080865363;0.5298399999999951;0.5912;0
1677080865381;0.5303599999999945;0.5912;0
1677080865397;0.5308799999999939;0.5912;0
1677080865414;0.5313999999999933;0.5912;0
1677080865438;0.5318399999999927;0.5912;0
1677080865461;0.532279999999992;0.5912;0
1677080865482;0.5327199999999913;0.5912;0
1677080865499;0.5331599999999906;0.5912;0
1677080865516;0.53359999999999;0.5912;0
1677080865533;0.5340399999999893;0.5912;0
1677080865565;0.5344799999999886;0.5912;0
1677080865582;0.534919999999988;0.5912;0
1677080865600;0.5353599999999873;0.5912;0
1677080865616;0.5357999999999866;0.5912;0
1677080865634;0.536239999999986;0.5912;0
1677080865665;0.5366799999999853;0.5912;0
1677080865681;0.5371199999999846;0.5912;0
1677080865699;0.5375599999999839;0.5912;0
1677080865716;0.5379999999999833;0.5912;0
1677080865734;0.5384399999999826;0.5912;0
1677080865763;0.5388799999999819;0.5912;0
1677080865782;0.5393199999999813;0.5912;0
1677080865801;0.5397599999999806;0.5912;0
1677080865819;0.5401999999999799;0.5912;0
1677080865834;0.5406399999999792;0.5912;0
1677080865866;0.5410799999999786;0.5912;0
1677080865881;0.5415199999999779;0.5912;0
1677080865898;0.5419599999999772;0.5912;0
1677080865914;0.5423999999999766;0.5912;0
1677080865943;0.5428399999999759;0.5912;0
1677080865959;0.5432799999999752;0.5912;0
1677080865980;0.5437199999999746;0.5912;0
1677080865998;0.5441599999999739;0.5912;0
1677080866014;0.5445999999999732;0.5912;0
1677080866042;0.5450399999999725;0.5912;0
1677080866060;0.5454799999999719;0.5912;0
1677080866082;0.5459199999999712;0.5912;0
1677080866100;0.5463599999999705;0.5912;0
1677080866115;0.5467999999999699;0.5912;0
1677080866142;0.5472399999999692;0.5912;0
1677080866160;0.5476799999999685;0.5912;0
1677080866182;0.5481199999999679;0.5912;0
1677080866198;0.5485599999999672;0.5912;0
1677080866214;0.5489999999999665;0.5912;0
1677080866239;0.5494399999999658;0.5912;0
1677080866259;0.5498799999999652;0.5912;0
1677080866276;0.5503199999999645;0.5912;0
1677080866298;0.5507599999999638;0.5912;0
1677080866314;0.5511999999999632;0.5912;0
1677080866333;0.5516399999999625;0.5912;0
1677080866364;0.5520799999999618;0.5912;0
1677080866380;0.5525199999999612;0.5912;0
1677080866398;0.5529599999999605;0.5912;0
1677080866415;0.5533999999999598;0.5912;0
1677080866434;0.5537999999999602;0.5912;0
1677080866464;0.5541999999999606;0.5912;0
1677080866482;0.554599999999961;0.5912;0
1677080866500;0.5549999999999614;0.5912;0
1677080866517;0.5553999999999618;0.5912;0
1677080866535;0.5557999999999622;0.5912;0
1677080866553;0.5561999999999626;0.5912;0
1677080866584;0.556599999999963;0.5912;0
1677080866598;0.5569999999999634;0.5912;0
1677080866619;0.5573999999999638;0.5912;0
1677080866634;0.5577999999999642;0.5912;0
1677080866665;0.5581999999999646;0.5912;0
1677080866682;0.558599999999965;0.5912;0
1677080866699;0.5589999999999654;0.5912;0
1677080866717;0.5593999999999658;0.5912;0
1677080866734;0.5597999999999662;0.5912;0
1677080866761;0.5601999999999666;0.5912;0
1677080866783;0.560599999999967;0.5912;0
1677080866800;0.5609999999999674;0.5912;0
1677080866816;0.5613999999999678;0.5912;0
1677080866834;0.5617999999999682;0.5912;0
1677080866866;0.5621999999999686;0.5912;0
1677080866882;0.562599999999969;0.5912;0
1677080866899;0.5629999999999694;0.5912;0
1677080866915;0.5633999999999698;0.5912;0
1677080866944;0.5637999999999702;0.5912;0
1677080866961;0.5641999999999706;0.5912;0
1677080866981;0.564599999999971;0.5912;0
1677080866998;0.5649999999999714;0.5912;0
1677080867015;0.5653999999999718;0.5912;0
1677080867036;0.5657999999999722;0.5912;0
1677080867060;0.5661999999999726;0.5912;0
1677080867078;0.566599999999973;0.5912;0
1677080867098;0.5669999999999734;0.5912;0
1677080867115;0.5673999999999738;0.5912;0
1677080867143;0.5677999999999742;0.5912;0
1677080867160;0.5681999999999746;0.5912;0
1677080867182;0.568599999999975;0.5912;0
1677080867198;0.5689999999999754;0.5912;0
1677080867215;0.5693999999999758;0.5912;0
1677080867241;0.5697999999999762;0.5912;0
1677080867260;0.5701999999999766;0.5912;0
1677080867277;0.570599999999977;0.5912;0
1677080867298;0.5709999999999774;0.5912;0
1677080867315;0.5713999999999778;0.5912;0
1677080867348;0.5717999999999782;0.5912;0
1677080867357;0.5721999999999786;0.5912;0
1677080867381;0.572599999999979;0.5912;0
1677080867397;0.5729999999999794;0.5912;0
1677080867415;0.5733999999999798;0.5912;0
1677080867434;0.5737599999999791;0.5912;0
1677080867465;0.5741199999999783;0.5912;0
1677080867483;0.5744799999999776;0.5912;0
1677080867500;0.5748399999999768;0.5912;0
1677080867517;0.5751999999999761;0.5912;0
1677080867535;0.5755599999999753;0.5912;0
1677080867554;0.5759199999999746;0.5912;0
1677080867584;0.5762799999999738;0.5912;0
1677080867599;0.5766399999999731;0.5912;0
1677080867617;0.5769999999999723;0.5912;0
1677080867635;0.5773599999999716;0.5912;0
1677080867666;0.5777199999999708;0.5912;0
1677080867683;0.5780799999999701;0.5912;0
1677080867700;0.5784399999999693;0.5912;0
1677080867716;0.5787999999999686;0.5912;0
1677080867734;0.5791599999999678;0.5912;0
1677080867758;0.5795199999999671;0.5912;0
1677080867781;0.5798799999999663;0.5912;0
1677080867796;0.5802399999999656;0.5912;0
1677080867820;0.5805999999999648;0.5912;0
1677080867836;0.5809599999999641;0.5912;0
1677080867866;0.5813199999999633;0.5912;0
1677080867883;0.5816799999999626;0.5912;0
1677080867899;0.5820399999999618;0.5912;0
1677080867915;0.5823999999999611;0.5912;0
1677080867946;0.5827599999999603;0.5912;0
1677080867956;0.5831199999999596;0.5912;0
1677080867976;0.5834799999999588;0.5912;0
1677080867994;0.5838399999999581;0.5912;0
1677080868015;0.5841999999999573;0.5912;0
1677080868036;0.5845599999999566;0.5912;0
1677080868060;0.5849199999999558;0.5912;0
1677080868078;0.5852799999999551;0.5912;0
1677080868098;0.5856399999999543;0.5912;0
1677080868115;0.5859999999999536;0.5912;0
1677080868145;0.5863599999999528;0.5912;0
1677080868160;0.5867199999999521;0.5912;0
1677080868182;0.5870799999999513;0.5912;0
1677080868199;0.5874399999999506;0.5912;0
1677080868215;0.5877999999999498;0.5912;0
1677080868233;0.5881599999999491;0.5912;0
1677080868255;0.5885199999999483;0.5912;0
1677080868277;0.5888799999999476;0.5912;0
1677080868295;0.5892399999999468;0.5912;0
1677080868316;0.5895999999999461;0.5912;0
1677080868333;0.5899599999999453;0.5912;0
1677080868359;0.5903199999999446;0.5912;0
1677080868381;0.5906799999999438;0.5912;0
1677080868398;0.591039999999943;0.5912;0
1677080868416;0.5913999999999423;0.5912;0
1677080868434;0.591699999999942;0.5912;0
1677080868465;0.5919999999999418;0.5912;0
1677080868483;0.5922999999999415;0.5912;0
1677080868500;0.5925999999999413;0.5912;0
1677080868517;0.592899999999941;0.5912;0
1677080868535;0.5931999999999408;0.5912;0
1677080868553;0.5934999999999405;0.5912;0
1677080868583;0.5937999999999403;0.5912;0
1677080868600;0.59409999999994;0.5912;0
1677080868618;0.5943999999999398;0.5912;0
1677080868635;0.5946999999999395;0.5912;0
1677080868667;0.5949999999999392;0.5912;0
1677080868683;0.595299999999939;0.5912;0
1677080868701;0.5955999999999387;0.5912;0
1677080868717;0.5958999999999385;0.5912;0
1677080868735;0.5961999999999382;0.5912;0
1677080868754;0.596499999999938;0.5912;0
1677080868785;0.5967999999999377;0.5912;0
1677080868801;0.5970999999999375;0.5912;0
1677080868820;0.5973999999999372;0.5912;0
1677080868836;0.597699999999937;0.5912;0
1677080868866;0.5979999999999367;0.5912;0
1677080868882;0.5982999999999364;0.5912;0
1677080868901;0.5985999999999362;0.5912;0
1677080868915;0.5988999999999359;0.5912;0
1677080868933;0.5991999999999357;0.5912;0
1677080868953;0.5994999999999354;0.5912;0
1677080868981;0.5997999999999352;0.5912;0
1677080868998;0.6000999999999349;0.5912;0
1677080869013;0.6003999999999347;0.5912;0
1677080869034;0.6006999999999344;0.5912;0
1677080869063;0.6009999999999341;0.5912;0
1677080869076;0.6012999999999339;0.5912;0
1677080869100;0.6015999999999336;0.5912;0
1677080869113;0.6018999999999334;0.5912;0
1677080869133;0.6021999999999331;0.5912;0
1677080869161;0.6024999999999329;0.5912;0
1677080869178;0.6027999999999326;0.5912;0
1677080869200;0.6030999999999324;0.5912;0
1677080869216;0.6033999999999321;0.5912;0
1677080869233;0.6036999999999318;0.5912;0
1677080869264;0.6039999999999316;0.5912;0
1677080869278;0.6042999999999313;0.5912;0
1677080869299;0.6045999999999311;0.5912;0
1677080869316;0.6048999999999308;0.5912;0
1677080869334;0.6051999999999306;0.5912;0
1677080869364;0.6054999999999303;0.5912;0
1677080869381;0.6057999999999301;0.5912;0
1677080869398;0.6060999999999298;0.5912;0
1677080869417;0.6063999999999296;0.5912;0
1677080869434;0.6066799999999287;0.5912;0
1677080869466;0.6069599999999279;0.5912;0
1677080869484;0.6072399999999271;0.5912;0
1677080869503;0.6075199999999262;0.5912;0
1677080869518;0.6077999999999254;0.5912;0
1677080869535;0.6080799999999246;0.5912;0
1677080869553;0.6083599999999237;0.5912;0
1677080869584;0.6086399999999229;0.5912;0
1677080869600;0.6089199999999221;0.5912;0
1677080869619;0.6091999999999212;0.5912;0
1677080869635;0.6094799999999204;0.5912;0
1677080869653;0.6097599999999196;0.5912;0
1677080869683;0.6100399999999188;0.5912;0
1677080869700;0.6103199999999179;0.5912;0
1677080869719;0.6105999999999171;0.5912;0
1677080869735;0.6108799999999163;0.5912;0
1677080869756;0.6111599999999154;0.5912;0
1677080869786;0.6114399999999146;0.5912;0
1677080869803;0.6117199999999138;0.5912;0
1677080869816;0.611999999999913;0.5912;0
1677080869838;0.6122799999999121;0.5912;0
1677080869867;0.6125599999999113;0.5912;0
1677080869883;0.6128399999999105;0.5912;0
1677080869899;0.6131199999999096;0.5912;0
1677080869916;0.6133999999999088;0.5912;0
1677080869935;0.613679999999908;0.5912;0
1677080869960;0.6139599999999071;0.5912;0
1677080869977;0.6142399999999063;0.5912;0
1677080869996;0.6145199999999055;0.5912;0
1677080870016;0.6147999999999046;0.5912;0
1677080870034;0.6150799999999038;0.5912;0
1677080870061;0.615359999999903;0.5912;0
1677080870079;0.6156399999999022;0.5912;0
1677080870100;0.6159199999999013;0.5912;0
1677080870117;0.6161999999999005;0.5912;0
1677080870133;0.6164799999998997;0.5912;0
1677080870161;0.6167599999998988;0.5912;0
1677080870179;0.617039999999898;0.5912;0
1677080870200;0.6173199999998972;0.5912;0
1677080870216;0.6175999999998963;0.5912;0
1677080870234;0.6178799999998955;0.5912;0
1677080870264;0.6181599999998947;0.5912;0
1677080870277;0.6184399999998939;0.5912;0
1677080870300;0.618719999999893;0.5912;0
1677080870316;0.6189999999998922;0.5912;0
1677080870333;0.6192799999998914;0.5912;0
1677080870362;0.6195599999998905;0.5912;0
1677080870382;0.6198399999998897;0.5912;0
1677080870400;0.6201199999998889;0.5912;0
1677080870417;0.620399999999888;0.5912;0
1677080870435;0.6206399999998883;0.5912;0
1677080870466;0.6208799999998885;0.5912;0
1677080870484;0.6211199999998888;0.5912;0
1677080870502;0.621359999999889;0.5912;0
1677080870520;0.6215999999998892;0.5912;0
1677080870535;0.6218399999998895;0.5912;0
1677080870554;0.6220799999998897;0.5912;0
1677080870581;0.62231999999989;0.5912;0
1677080870600;0.6225599999998902;0.5912;0
1677080870619;0.6227999999998904;0.5912;0
1677080870636;0.6230399999998907;0.5912;0
1677080870667;0.6232799999998909;0.5912;0
1677080870686;0.6235199999998912;0.5912;0
1677080870702;0.6237599999998914;0.5912;0
1677080870719;0.6239999999998916;0.5912;0
1677080870735;0.6242399999998919;0.5912;0
1677080870755;0.6244799999998921;0.5912;0
1677080870786;0.6247199999998924;0.5912;0
1677080870801;0.6249599999998926;0.5912;0
1677080870820;0.6251999999998928;0.5912;0
1677080870835;0.6254399999998931;0.5912;0
1677080870854;0.6256799999998933;0.5912;0
1677080870873;0.6259199999998936;0.5912;0
1677080870895;0.6261599999998938;0.5912;0
1677080870914;0.626399999999894;0.5912;0
1677080870934;0.6266399999998943;0.5912;0
1677080870958;0.6268799999998945;0.5912;0
1677080870983;0.6271199999998948;0.5912;0
1677080870995;0.627359999999895;0.5912;0
1677080871016;0.6275999999998952;0.5912;0
1677080871034;0.6278399999998955;0.5912;0
1677080871066;0.6280799999998957;0.5912;0
1677080871080;0.628319999999896;0.5912;0
1677080871099;0.6285599999998962;0.5912;0
1677080871118;0.6287999999998964;0.5912;0
1677080871135;0.6290399999998967;0.5912;0
1677080871162;0.6292799999998969;0.5912;0
1677080871180;0.6295199999998972;0.5912;0
1677080871201;0.6297599999998974;0.5912;0
1677080871217;0.6299999999998976;0.5912;0
1677080871234;0.6302399999998979;0.5912;0
1677080871261;0.6304799999998981;0.5912;0
1677080871280;0.6307199999998984;0.5912;0
1677080871300;0.6309599999998986;0.5912;0
1677080871316;0.6311999999998988;0.5912;0
1677080871334;0.6314399999998991;0.5912;0
1677080871354;0.6316799999998993;0.5912;0
1677080871379;0.6319199999998996;0.5912;0
1677080871400;0.6321599999998998;0.5912;0
1677080871416;0.6323999999999;0.5912;0
1677080871435;0.6325999999998991;0.5912;0
1677080871454;0.6327999999998982;0.5912;0
1677080871483;0.6329999999998973;0.5912;0
1677080871501;0.6331999999998964;0.5912;0
1677080871519;0.6333999999998955;0.5912;0
1677080871538;0.6335999999998946;0.5912;0
1677080871554;0.6337999999998937;0.5912;0
1677080871585;0.6339999999998928;0.5912;0
1677080871601;0.6341999999998919;0.5912;0
1677080871619;0.6343999999998909;0.5912;0
1677080871636;0.63459999999989;0.5912;0
1677080871654;0.6347999999998891;0.5912;0
1677080871684;0.6349999999998882;0.5912;0
1677080871702;0.6351999999998873;0.5912;0
1677080871718;0.6353999999998864;0.5912;0
1677080871737;0.6355999999998855;0.5912;0
1677080871758;0.6357999999998846;0.5912;0
1677080871786;0.6359999999998837;0.5912;0
1677080871801;0.6361999999998827;0.5912;0
1677080871820;0.6363999999998818;0.5912;0
1677080871836;0.6365999999998809;0.5912;0
1677080871854;0.63679999999988;0.5912;0
1677080871879;0.6369999999998791;0.5912;0
1677080871898;0.6371999999998782;0.5912;0
1677080871918;0.6373999999998773;0.5912;0
1677080871934;0.6375999999998764;0.5912;0
1677080871957;0.6377999999998755;0.5912;0
1677080871981;0.6379999999998746;0.5912;0
1677080871996;0.6381999999998736;0.5912;0
1677080872018;0.6383999999998727;0.5912;0
1677080872036;0.6385999999998718;0.5912;0
1677080872062;0.6387999999998709;0.5912;0
1677080872080;0.63899999999987;0.5912;0
1677080872101;0.6391999999998691;0.5912;0
1677080872117;0.6393999999998682;0.5912;0
1677080872134;0.6395999999998673;0.5912;0
1677080872158;0.6397999999998664;0.5912;0
1677080872179;0.6399999999998655;0.5912;0
1677080872197;0.6401999999998645;0.5912;0
1677080872217;0.6403999999998636;0.5912;0
1677080872234;0.6405999999998627;0.5912;0
1677080872266;0.6407999999998618;0.5912;0
1677080872280;0.6409999999998609;0.5912;0
1677080872301;0.64119999999986;0.5912;0
1677080872318;0.6413999999998591;0.5912;0
1677080872335;0.6415999999998582;0.5912;0
1677080872353;0.6417999999998573;0.5912;0
1677080872384;0.6419999999998564;0.5912;0
1677080872399;0.6421999999998554;0.5912;0
1677080872419;0.6423999999998545;0.5912;0
1677080872436;0.6425799999998553;0.5912;0
1677080872467;0.642759999999856;0.5912;0
1677080872485;0.6429399999998567;0.5912;0
1677080872502;0.6431199999998575;0.5912;0
1677080872518;0.6432999999998582;0.5912;0
1677080872536;0.6434799999998589;0.5912;0
1677080872555;0.6436599999998597;0.5912;0
1677080872585;0.6438399999998604;0.5912;0
1677080872601;0.6440199999998611;0.5912;0
1677080872619;0.6441999999998619;0.5912;0
1677080872639;0.6443799999998626;0.5912;0
1677080872655;0.6445599999998634;0.5912;0
1677080872673;0.6447399999998641;0.5912;0
1677080872700;0.6449199999998648;0.5912;0
1677080872718;0.6450999999998656;0.5912;0
1677080872736;0.6452799999998663;0.5912;0
1677080872755;0.645459999999867;0.5912;0
1677080872787;0.6456399999998678;0.5912;0
1677080872801;0.6458199999998685;0.5912;0
1677080872819;0.6459999999998692;0.5912;0
1677080872836;0.64617999999987;0.5912;0
1677080872855;0.6463599999998707;0.5912;0
1677080872885;0.6465399999998714;0.5912;0
1677080872897;0.6467199999998722;0.5912;0
1677080872922;0.6468999999998729;0.5912;0
1677080872936;0.6470799999998736;0.5912;0
1677080872959;0.6472599999998744;0.5912;0
1677080872981;0.6474399999998751;0.5912;0
1677080872998;0.6476199999998759;0.5912;0
1677080873018;0.6477999999998766;0.5912;0
1677080873035;0.6479799999998773;0.5912;0
1677080873066;0.6481599999998781;0.5912;0
1677080873080;0.6483399999998788;0.5912;0
1677080873102;0.6485199999998795;0.5912;0
1677080873118;0.6486999999998803;0.5912;0
1677080873135;0.648879999999881;0.5912;0
1677080873162;0.6490599999998817;0.5912;0
1677080873182;0.6492399999998825;0.5912;0
1677080873201;0.6494199999998832;0.5912;0
1677080873218;0.6495999999998839;0.5912;0
1677080873235;0.6497799999998847;0.5912;0
1677080873253;0.6499599999998854;0.5912;0
1677080873279;0.6501399999998861;0.5912;0
1677080873295;0.6503199999998869;0.5912;0
1677080873318;0.6504999999998876;0.5912;0
1677080873343;0.6506799999998883;0.5912;0
1677080873353;0.6508599999998891;0.5912;0
1677080873381;0.6510399999998898;0.5912;0
1677080873400;0.6512199999998906;0.5912;0
1677080873418;0.6513999999998913;0.5912;0
1677080873435;0.6515599999998914;0.5912;0
1677080873467;0.6517199999998916;0.5912;0
1677080873483;0.6518799999998918;0.5912;0
1677080873502;0.6520399999998919;0.5912;0
1677080873520;0.6521999999998921;0.5912;0
1677080873537;0.6523599999998922;0.5912;0
1677080873555;0.6525199999998924;0.5912;0
1677080873584;0.6526799999998926;0.5912;0
1677080873602;0.6528399999998927;0.5912;0
1677080873620;0.6529999999998929;0.5912;0
1677080873637;0.653159999999893;0.5912;0
1677080873655;0.6533199999998932;0.5912;0
1677080873679;0.6534799999998934;0.5912;0
1677080873702;0.6536399999998935;0.5912;0
1677080873720;0.6537999999998937;0.5912;0
1677080873737;0.6539599999998938;0.5912;0
1677080873755;0.654119999999894;0.5912;0
1677080873788;0.6542799999998942;0.5912;0
1677080873804;0.6544399999998943;0.5912;0
1677080873819;0.6545999999998945;0.5912;0
1677080873837;0.6547599999998946;0.5912;0
1677080873854;0.6549199999998948;0.5912;0
1677080873880;0.655079999999895;0.5912;0
1677080873899;0.6552399999998951;0.5912;0
1677080873918;0.6553999999998953;0.5912;0
1677080873935;0.6555599999998954;0.5912;0
1677080873953;0.6557199999998956;0.5912;0
1677080873979;0.6558799999998958;0.5912;0
1677080874000;0.6560399999998959;0.5912;0
1677080874015;0.6561999999998961;0.5912;0
1677080874035;0.6563599999998962;0.5912;0
1677080874053;0.6565199999998964;0.5912;0
1677080874080;0.6566799999998966;0.5912;0
1677080874099;0.6568399999998967;0.5912;0
1677080874122;0.6569999999998969;0.5912;0
1677080874137;0.657159999999897;0.5912;0
1677080874153;0.6573199999998972;0.5912;0
1677080874181;0.6574799999998974;0.5912;0
1677080874197;0.6576399999998975;0.5912;0
1677080874218;0.6577999999998977;0.5912;0
1677080874236;0.6579599999998978;0.5912;0
1677080874254;0.658119999999898;0.5912;0
1677080874277;0.6582799999998982;0.5912;0
1677080874297;0.6584399999998983;0.5912;0
1677080874314;0.6585999999998985;0.5912;0
1677080874335;0.6587599999998986;0.5912;0
1677080874354;0.6589199999998988;0.5912;0
1677080874385;0.659079999999899;0.5912;0
1677080874402;0.6592399999998991;0.5912;0
1677080874420;0.6593999999998993;0.5912;0
1677080874437;0.6595599999998994;0.5912;0
1677080874455;0.6597199999998996;0.5912;0
1677080874476;0.6598799999998998;0.5912;0
1677080874506;0.6600399999998999;0.5912;0
1677080874520;0.6601999999999001;0.5912;0
1677080874538;0.6603599999999002;0.5912;0
1677080874555;0.6605199999999004;0.5912;0
1677080874574;0.6606799999999006;0.5912;0
1677080874606;0.6608399999999007;0.5912;0
1677080874623;0.6609999999999009;0.5912;0
1677080874636;0.661159999999901;0.5912;0
1677080874655;0.6613199999999012;0.5912;0
1677080874687;0.6614799999999014;0.5912;0
1677080874703;0.6616399999999015;0.5912;0
1677080874720;0.6617999999999017;0.5912;0
1677080874740;0.6619599999999018;0.5912;0
1677080874754;0.662119999999902;0.5912;0
1677080874787;0.6622799999999022;0.5912;0
1677080874804;0.6624399999999023;0.5912;0
1677080874820;0.6625999999999025;0.5912;0
1677080874838;0.6627599999999026;0.5912;0
1677080874855;0.6629199999999028;0.5912;0
1677080874880;0.663079999999903;0.5912;0
1677080874898;0.6632399999999031;0.5912;0
1677080874919;0.6633999999999033;0.5912;0
1677080874935;0.6635599999999034;0.5912;0
1677080874953;0.6637199999999036;0.5912;0
1677080874980;0.6638799999999038;0.5912;0
1677080874998;0.6640399999999039;0.5912;0
1677080875014;0.6641999999999041;0.5912;0
1677080875035;0.6643599999999042;0.5912;0
1677080875054;0.6645199999999044;0.5912;0
1677080875080;0.6646799999999046;0.5912;0
1677080875099;0.6648399999999047;0.5912;0
1677080875119;0.6649999999999049;0.5912;0
1677080875135;0.665159999999905;0.5912;0
1677080875153;0.6653199999999052;0.5912;0
1677080875182;0.6654799999999054;0.5912;0
1677080875198;0.6656399999999055;0.5912;0
1677080875219;0.6657999999999057;0.5912;0
1677080875236;0.6659599999999058;0.5912;0
1677080875253;0.666119999999906;0.5912;0
1677080875278;0.6662799999999062;0.5912;0
1677080875300;0.6664399999999063;0.5912;0
1677080875317;0.6665999999999065;0.5912;0
1677080875337;0.6667599999999066;0.5912;0
1677080875354;0.6669199999999068;0.5912;0
1677080875383;0.667079999999907;0.5912;0
1677080875401;0.6672399999999071;0.5912;0
1677080875419;0.6673999999999073;0.5912;0
1677080875437;0.6675399999999069;0.5912;0
1677080875455;0.6676799999999065;0.5912;0
1677080875478;0.667819999999906;0.5912;0
1677080875504;0.6679599999999056;0.5912;0
1677080875520;0.6680999999999052;0.5912;0
1677080875538;0.6682399999999048;0.5912;0
1677080875555;0.6683799999999044;0.5912;0
1677080875573;0.668519999999904;0.5912;0
1677080875602;0.6686599999999036;0.5912;0
1677080875622;0.6687999999999031;0.5912;0
1677080875639;0.6689399999999027;0.5912;0
1677080875656;0.6690799999999023;0.5912;0
1677080875684;0.6692199999999019;0.5912;0
1677080875703;0.6693599999999015;0.5912;0
1677080875721;0.6694999999999011;0.5912;0
1677080875737;0.6696399999999006;0.5912;0
1677080875756;0.6697799999999002;0.5912;0
1677080875788;0.6699199999998998;0.5912;0
1677080875803;0.6700599999998994;0.5912;0
1677080875821;0.670199999999899;0.5912;0
1677080875839;0.6703399999998986;0.5912;0
1677080875856;0.6704799999998982;0.5912;0
1677080875881;0.6706199999998977;0.5912;0
1677080875900;0.6707599999998973;0.5912;0
1677080875919;0.6708999999998969;0.5912;0
1677080875936;0.6710399999998965;0.5912;0
1677080875953;0.6711799999998961;0.5912;0
1677080875984;0.6713199999998957;0.5912;0
1677080875999;0.6714599999998953;0.5912;0
1677080876015;0.6715999999998948;0.5912;0
1677080876035;0.6717399999998944;0.5912;0
1677080876054;0.671879999999894;0.5912;0
1677080876081;0.6720199999998936;0.5912;0
1677080876098;0.6721599999998932;0.5912;0
1677080876119;0.6722999999998928;0.5912;0
1677080876135;0.6724399999998923;0.5912;0
1677080876154;0.6725799999998919;0.5912;0
1677080876181;0.6727199999998915;0.5912;0
1677080876198;0.6728599999998911;0.5912;0
1677080876220;0.6729999999998907;0.5912;0
1677080876235;0.6731399999998903;0.5912;0
1677080876253;0.6732799999998899;0.5912;0
1677080876278;0.6734199999998894;0.5912;0
1677080876300;0.673559999999889;0.5912;0
1677080876316;0.6736999999998886;0.5912;0
1677080876336;0.6738399999998882;0.5912;0
1677080876354;0.6739799999998878;0.5912;0
1677080876384;0.6741199999998874;0.5912;0
1677080876401;0.674259999999887;0.5912;0
1677080876420;0.6743999999998865;0.5912;0
1677080876436;0.6745199999998855;0.5912;0
1677080876454;0.6746399999998846;0.5912;0
1677080876478;0.6747599999998836;0.5912;0
1677080876504;0.6748799999998826;0.5912;0
1677080876521;0.6749999999998816;0.5912;0
1677080876538;0.6751199999998806;0.5912;0
1677080876556;0.6752399999998796;0.5912;0
1677080876573;0.6753599999998786;0.5912;0
1677080876602;0.6754799999998776;0.5912;0
1677080876620;0.6755999999998766;0.5912;0
1677080876639;0.6757199999998756;0.5912;0
1677080876655;0.6758399999998747;0.5912;0
1677080876673;0.6759599999998737;0.5912;0
1677080876703;0.6760799999998727;0.5912;0
1677080876721;0.6761999999998717;0.5912;0
1677080876737;0.6763199999998707;0.5912;0
1677080876756;0.6764399999998697;0.5912;0
1677080876789;0.6765599999998687;0.5912;0
1677080876806;0.6766799999998677;0.5912;0
1677080876822;0.6767999999998667;0.5912;0
1677080876838;0.6769199999998657;0.5912;0
1677080876855;0.6770399999998648;0.5912;0
1677080876881;0.6771599999998638;0.5912;0
1677080876899;0.6772799999998628;0.5912;0
1677080876920;0.6773999999998618;0.5912;0
1677080876936;0.6775199999998608;0.5912;0
1677080876953;0.6776399999998598;0.5912;0
1677080876981;0.6777599999998588;0.5912;0
1677080876998;0.6778799999998578;0.5912;0
1677080877016;0.6779999999998568;0.5912;0
1677080877036;0.6781199999998558;0.5912;0
1677080877055;0.6782399999998548;0.5912;0
1677080877081;0.6783599999998539;0.5912;0
1677080877099;0.6784799999998529;0.5912;0
1677080877120;0.6785999999998519;0.5912;0
1677080877135;0.6787199999998509;0.5912;0
1677080877154;0.6788399999998499;0.5912;0
1677080877182;0.6789599999998489;0.5912;0
1677080877199;0.6790799999998479;0.5912;0
1677080877220;0.6791999999998469;0.5912;0
1677080877236;0.6793199999998459;0.5912;0
1677080877254;0.679439999999845;0.5912;0
1677080877286;0.679559999999844;0.5912;0
1677080877300;0.679679999999843;0.5912;0
1677080877320;0.679799999999842;0.5912;0
1677080877337;0.679919999999841;0.5912;0
1677080877354;0.68003999999984;0.5912;0
1677080877386;0.680159999999839;0.5912;0
1677080877404;0.680279999999838;0.5912;0
1677080877420;0.680399999999837;0.5912;0
1677080877439;0.6804799999998371;0.5912;0
1677080877455;0.6805599999998372;0.5912;0
1677080877478;0.6806399999998373;0.5912;0
1677080877504;0.6807199999998373;0.5912;0
1677080877521;0.6807999999998374;0.5912;0
1677080877539;0.6808799999998375;0.5912;0
1677080877556;0.6809599999998376;0.5912;0
1677080877575;0.6810399999998377;0.5912;0
1677080877602;0.6811199999998377;0.5912;0
1677080877621;0.6811999999998378;0.5912;0
1677080877639;0.6812799999998379;0.5912;0
1677080877656;0.681359999999838;0.5912;0
1677080877679;0.6814399999998381;0.5912;0
1677080877705;0.6815199999998381;0.5912;0
1677080877721;0.6815999999998382;0.5912;0
1677080877740;0.6816799999998383;0.5912;0
1677080877756;0.6817599999998384;0.5912;0
1677080877774;0.6818399999998385;0.5912;0
1677080877794;0.6819199999998385;0.5912;0
1677080877822;0.6819999999998386;0.5912;0
1677080877837;0.6820799999998387;0.5912;0
1677080877858;0.6821599999998388;0.5912;0
1677080877881;0.6822399999998389;0.5912;0
1677080877899;0.6823199999998389;0.5912;0
1677080877921;0.682399999999839;0.5912;0
1677080877937;0.6824799999998391;0.5912;0
1677080877954;0.6825599999998392;0.5912;0
1677080877982;0.6826399999998393;0.5912;0
1677080877999;0.6827199999998393;0.5912;0
1677080878020;0.6827999999998394;0.5912;0
1677080878037;0.6828799999998395;0.5912;0
1677080878054;0.6829599999998396;0.5912;0
1677080878083;0.6830399999998397;0.5912;0
1677080878100;0.6831199999998397;0.5912;0
1677080878120;0.6831999999998398;0.5912;0
1677080878137;0.6832799999998399;0.5912;0
1677080878154;0.68335999999984;0.5912;0
1677080878184;0.6834399999998401;0.5912;0
1677080878200;0.6835199999998401;0.5912;0
1677080878220;0.6835999999998402;0.5912;0
1677080878237;0.6836799999998403;0.5912;0
1677080878254;0.6837599999998404;0.5912;0
1677080878278;0.6838399999998405;0.5912;0
1677080878299;0.6839199999998405;0.5912;0
1677080878319;0.6839999999998406;0.5912;0
1677080878337;0.6840799999998407;0.5912;0
1677080878355;0.6841599999998408;0.5912;0
1677080878386;0.6842399999998409;0.5912;0
1677080878403;0.6843199999998409;0.5912;0
1677080878422;0.684399999999841;0.5912;0
1677080878438;0.6844799999998411;0.5912;0
1677080878455;0.6845599999998412;0.5912;0
1677080878477;0.6846399999998413;0.5912;0
1677080878506;0.6847199999998413;0.5912;0
1677080878521;0.6847999999998414;0.5912;0
1677080878540;0.6848799999998415;0.5912;0
1677080878556;0.6849599999998416;0.5912;0
1677080878574;0.6850399999998417;0.5912;0
1677080878604;0.6851199999998417;0.5912;0
1677080878622;0.6851999999998418;0.5912;0
1677080878637;0.6852799999998419;0.5912;0
1677080878656;0.685359999999842;0.5912;0
1677080878674;0.6854399999998421;0.5912;0
1677080878703;0.6855199999998421;0.5912;0
1677080878721;0.6855999999998422;0.5912;0
1677080878740;0.6856799999998423;0.5912;0
1677080878756;0.6857599999998424;0.5912;0
1677080878774;0.6858399999998425;0.5912;0
1677080878799;0.6859199999998425;0.5912;0
1677080878822;0.6859999999998426;0.5912;0
1677080878839;0.6860799999998427;0.5912;0
1677080878857;0.6861599999998428;0.5912;0
1677080878874;0.6862399999998429;0.5912;0
1677080878903;0.686319999999843;0.5912;0
1677080878917;0.686399999999843;0.5912;0
1677080878937;0.6864799999998431;0.5912;0
1677080878955;0.6865599999998432;0.5912;0
1677080878982;0.6866399999998433;0.5912;0
1677080879000;0.6867199999998433;0.5912;0
1677080879022;0.6867999999998434;0.5912;0
1677080879036;0.6868799999998435;0.5912;0
1677080879054;0.6869599999998436;0.5912;0
1677080879079;0.6870399999998437;0.5912;0
1677080879102;0.6871199999998437;0.5912;0
1677080879118;0.6871999999998438;0.5912;0
1677080879138;0.6872799999998439;0.5912;0
1677080879157;0.687359999999844;0.5912;0
1677080879176;0.6874399999998441;0.5912;0
1677080879202;0.6875199999998441;0.5912;0
1677080879220;0.6875999999998442;0.5912;0
1677080879238;0.6876799999998443;0.5912;0
1677080879254;0.6877599999998444;0.5912;0
1677080879278;0.6878399999998445;0.5912;0
1677080879299;0.6879199999998445;0.5912;0
1677080879318;0.6879999999998446;0.5912;0
1677080879338;0.6880799999998447;0.5912;0
1677080879355;0.6881599999998448;0.5912;0
1677080879387;0.6882399999998449;0.5912;0
1677080879402;0.688319999999845;0.5912;0
1677080879422;0.688399999999845;0.5912;0
1677080879439;0.6884799999998451;0.5912;0
1677080879455;0.6885599999998452;0.5912;0
1677080879477;0.6886399999998453;0.5912;0
1677080879494;0.6887199999998453;0.5912;0
1677080879522;0.6887999999998454;0.5912;0
1677080879538;0.6888799999998455;0.5912;0
1677080879557;0.6889599999998456;0.5912;0
1677080879575;0.6890399999998457;0.5912;0
1677080879602;0.6891199999998457;0.5912;0
1677080879622;0.6891999999998458;0.5912;0
1677080879639;0.6892799999998459;0.5912;0
1677080879657;0.689359999999846;0.5912;0
1677080879674;0.6894399999998461;0.5912;0
1677080879704;0.6895199999998461;0.5912;0
1677080879722;0.6895999999998462;0.5912;0
1677080879739;0.6896799999998463;0.5912;0
1677080879755;0.6897599999998464;0.5912;0
1677080879775;0.6898399999998465;0.5912;0
1677080879794;0.6899199999998465;0.5912;0
1677080879823;0.6899999999998466;0.5912;0
1677080879838;0.6900799999998467;0.5912;0
1677080879857;0.6901599999998468;0.5912;0
1677080879875;0.6902399999998469;0.5912;0
1677080879899;0.690319999999847;0.5912;0
1677080879917;0.690399999999847;0.5912;0
1677080879938;0.6904799999998471;0.5912;0
1677080879955;0.6905599999998472;0.5912;0
1677080879984;0.6906399999998473;0.5912;0
1677080879998;0.6907199999998473;0.5912;0
1677080880017;0.6907999999998474;0.5912;0
1677080880034;0.6908799999998475;0.5912;0
1677080880055;0.6909599999998476;0.5912;0
1677080880079;0.6910399999998477;0.5912;0
1677080880103;0.6911199999998477;0.5912;0
1677080880118;0.6911999999998478;0.5912;0
1677080880138;0.6912799999998479;0.5912;0
1677080880155;0.691359999999848;0.5912;0
1677080880183;0.6914399999998481;0.5912;0
1677080880201;0.6915199999998481;0.5912;0
1677080880221;0.6915999999998482;0.5912;0
1677080880238;0.6916799999998483;0.5912;0
1677080880255;0.6917599999998484;0.5912;0
1677080880279;0.6918399999998485;0.5912;0
1677080880299;0.6919199999998485;0.5912;0
1677080880317;0.6919999999998486;0.5912;0
1677080880339;0.6920799999998487;0.5912;0
1677080880355;0.6921599999998488;0.5912;0
1677080880387;0.6922399999998489;0.5912;0
1677080880404;0.692319999999849;0.5912;0
1677080880417;0.692399999999849;0.5912;0
1677080880439;0.6924599999998485;0.5912;0
1677080880455;0.692519999999848;0.5912;0
1677080880474;0.6925799999998475;0.5912;0
1677080880506;0.692639999999847;0.5912;0
1677080880523;0.6926999999998465;0.5912;0
1677080880540;0.692759999999846;0.5912;0
1677080880557;0.6928199999998456;0.5912;0
1677080880575;0.6928799999998451;0.5912;0
1677080880602;0.6929399999998446;0.5912;0
1677080880622;0.6929999999998441;0.5912;0
1677080880642;0.6930599999998436;0.5912;0
1677080880656;0.6931199999998431;0.5912;0
1677080880675;0.6931799999998426;0.5912;0
1677080880705;0.6932399999998421;0.5912;0
1677080880722;0.6932999999998416;0.5912;0
1677080880742;0.6933599999998411;0.5912;0
1677080880757;0.6934199999998406;0.5912;0
1677080880775;0.6934799999998401;0.5912;0
1677080880794;0.6935399999998396;0.5912;0
1677080880824;0.6935999999998391;0.5912;0
1677080880839;0.6936599999998386;0.5912;0
1677080880856;0.6937199999998381;0.5912;0
1677080880875;0.6937799999998376;0.5912;0
1677080880900;0.6938399999998371;0.5912;0
1677080880918;0.6938999999998366;0.5912;0
1677080880938;0.6939599999998362;0.5912;0
1677080880955;0.6940199999998357;0.5912;0
1677080880983;0.6940799999998352;0.5912;0
1677080881000;0.6941399999998347;0.5912;0
1677080881022;0.6941999999998342;0.5912;0
1677080881038;0.6942599999998337;0.5912;0
1677080881055;0.6943199999998332;0.5912;0
1677080881079;0.6943799999998327;0.5912;0
1677080881101;0.6944399999998322;0.5912;0
1677080881117;0.6944999999998317;0.5912;0
1677080881138;0.6945599999998312;0.5912;0
1677080881155;0.6946199999998307;0.5912;0
1677080881173;0.6946799999998302;0.5912;0
1677080881200;0.6947399999998297;0.5912;0
1677080881219;0.6947999999998292;0.5912;0
1677080881239;0.6948599999998287;0.5912;0
1677080881256;0.6949199999998282;0.5912;0
1677080881273;0.6949799999998277;0.5912;0
1677080881300;0.6950399999998272;0.5912;0
1677080881319;0.6950999999998267;0.5912;0
1677080881338;0.6951599999998263;0.5912;0
1677080881356;0.6952199999998258;0.5912;0
1677080881374;0.6952799999998253;0.5912;0
1677080881403;0.6953399999998248;0.5912;0
1677080881420;0.6953999999998243;0.5912;0
1677080881439;0.6954599999998238;0.5912;0
1677080881456;0.6955199999998233;0.5912;0
1677080881474;0.6955799999998228;0.5912;0
1677080881504;0.6956399999998223;0.5912;0
1677080881522;0.6956999999998218;0.5912;0
1677080881541;0.6957599999998213;0.5912;0
1677080881558;0.6958199999998208;0.5912;0
1677080881575;0.6958799999998203;0.5912;0
1677080881603;0.6959399999998198;0.5912;0
1677080881624;0.6959999999998193;0.5912;0
1677080881642;0.6960599999998188;0.5912;0
1677080881657;0.6961199999998183;0.5912;0
1677080881676;0.6961799999998178;0.5912;0
1677080881706;0.6962399999998173;0.5912;0
1677080881723;0.6962999999998168;0.5912;0
1677080881741;0.6963599999998163;0.5912;0
1677080881757;0.6964199999998159;0.5912;0
1677080881775;0.6964799999998154;0.5912;0
1677080881793;0.6965399999998149;0.5912;0
1677080881824;0.6965999999998144;0.5912;0
1677080881839;0.6966599999998139;0.5912;0
1677080881857;0.6967199999998134;0.5912;0
1677080881876;0.6967799999998129;0.5912;0
1677080881901;0.6968399999998124;0.5912;0
1677080881919;0.6968999999998119;0.5912;0
1677080881939;0.6969599999998114;0.5912;0
1677080881956;0.6970199999998109;0.5912;0
1677080881984;0.6970799999998104;0.5912;0
1677080882000;0.6971399999998099;0.5912;0
1677080882022;0.6971999999998094;0.5912;0
1677080882039;0.6972599999998089;0.5912;0
1677080882055;0.6973199999998084;0.5912;0
1677080882073;0.6973799999998079;0.5912;0
1677080882101;0.6974399999998074;0.5912;0
1677080882118;0.6974999999998069;0.5912;0
1677080882139;0.6975599999998064;0.5912;0
1677080882156;0.697619999999806;0.5912;0
1677080882173;0.6976799999998055;0.5912;0
1677080882200;0.697739999999805;0.5912;0
1677080882220;0.6977999999998045;0.5912;0
1677080882239;0.697859999999804;0.5912;0
1677080882256;0.6979199999998035;0.5912;0
1677080882273;0.697979999999803;0.5912;0
1677080882303;0.6980399999998025;0.5912;0
1677080882319;0.698099999999802;0.5912;0
1677080882339;0.6981599999998015;0.5912;0
1677080882356;0.698219999999801;0.5912;0
1677080882374;0.6982799999998005;0.5912;0
1677080882399;0.6983399999998;0.5912;0
1677080882421;0.6983999999997995;0.5912;0
1677080882439;0.698459999999799;0.5912;0
1677080882456;0.6985199999997985;0.5912;0
1677080882475;0.698579999999798;0.5912;0
1677080882509;0.6986399999997975;0.5912;0
1677080882523;0.698699999999797;0.5912;0
1677080882541;0.6987599999997965;0.5912;0
1677080882559;0.698819999999796;0.5912;0
1677080882576;0.6988799999997956;0.5912;0
1677080882599;0.6989399999997951;0.5912;0
1677080882622;0.6989999999997946;0.5912;0
1677080882640;0.6990599999997941;0.5912;0
1677080882658;0.6991199999997936;0.5912;0
1677080882675;0.6991799999997931;0.5912;0
1677080882706;0.6992399999997926;0.5912;0
1677080882723;0.6992999999997921;0.5912;0
1677080882739;0.6993599999997916;0.5912;0
1677080882758;0.6994199999997911;0.5912;0
1677080882778;0.6994799999997906;0.5912;0
1677080882793;0.6995399999997901;0.5912;0
1677080882824;0.6995999999997896;0.5912;0
1677080882841;0.6996599999997891;0.5912;0
1677080882858;0.6997199999997886;0.5912;0
1677080882876;0.6997799999997881;0.5912;0
1677080882901;0.6998399999997876;0.5912;0
1677080882919;0.6998999999997871;0.5912;0
1677080882939;0.6999599999997866;0.5912;0
1677080882956;0.7000199999997861;0.5912;0
1677080882974;0.7000799999997857;0.5912;0
1677080883002;0.7001399999997852;0.5912;0
1677080883019;0.7001999999997847;0.5912;0
1677080883039;0.7002599999997842;0.5912;0
1677080883056;0.7003199999997837;0.5912;0
1677080883074;0.7003799999997832;0.5912;0
1677080883105;0.7004399999997827;0.5912;0
1677080883119;0.7004999999997822;0.5912;0
1677080883139;0.7005599999997817;0.5912;0
1677080883156;0.7006199999997812;0.5912;0
1677080883174;0.7006799999997807;0.5912;0
1677080883201;0.7007399999997802;0.5912;0
1677080883220;0.7007999999997797;0.5912;0
1677080883239;0.7008599999997792;0.5912;0
1677080883256;0.7009199999997787;0.5912;0
1677080883279;0.7009799999997782;0.5912;0
1677080883305;0.7010399999997777;0.5912;0
1677080883321;0.7010999999997772;0.5912;0
1677080883339;0.7011599999997767;0.5912;0
1677080883357;0.7012199999997762;0.5912;0
1677080883375;0.7012799999997757;0.5912;0
1677080883394;0.7013399999997753;0.5912;0
1677080883422;0.7013999999997748;0.5912;0
1677080883439;0.7014399999997737;0.5912;0
1677080883457;0.7014799999997726;0.5912;0
1677080883474;0.7015199999997715;0.5912;0
1677080883494;0.7015599999997705;0.5912;0
1677080883522;0.7015999999997694;0.5912;0
1677080883541;0.7016399999997683;0.5912;0
1677080883558;0.7016799999997673;0.5912;0
1677080883577;0.7017199999997662;0.5912;0
1677080883594;0.7017599999997651;0.5912;0
1677080883623;0.7017999999997641;0.5912;0
1677080883640;0.701839999999763;0.5912;0
1677080883659;0.7018799999997619;0.5912;0
1677080883675;0.7019199999997608;0.5912;0
1677080883694;0.7019599999997598;0.5912;0
1677080883721;0.7019999999997587;0.5912;0
1677080883739;0.7020399999997576;0.5912;0
1677080883758;0.7020799999997566;0.5912;0
1677080883775;0.7021199999997555;0.5912;0
1677080883795;0.7021599999997544;0.5912;0
1677080883824;0.7021999999997534;0.5912;0
1677080883841;0.7022399999997523;0.5912;0
1677080883858;0.7022799999997512;0.5912;0
1677080883875;0.7023199999997501;0.5912;0
1677080883894;0.7023599999997491;0.5912;0
1677080883918;0.702399999999748;0.5912;0
1677080883936;0.7024399999997469;0.5912;0
1677080883957;0.7024799999997459;0.5912;0
1677080883985;0.7025199999997448;0.5912;0
1677080883997;0.7025599999997437;0.5912;0
1677080884019;0.7025999999997427;0.5912;0
1677080884036;0.7026399999997416;0.5912;0
1677080884057;0.7026799999997405;0.5912;0
1677080884074;0.7027199999997394;0.5912;0
1677080884102;0.7027599999997384;0.5912;0
1677080884119;0.7027999999997373;0.5912;0
1677080884140;0.7028399999997362;0.5912;0
1677080884157;0.7028799999997352;0.5912;0
1677080884175;0.7029199999997341;0.5912;0
1677080884201;0.702959999999733;0.5912;0
1677080884221;0.702999999999732;0.5912;0
1677080884240;0.7030399999997309;0.5912;0
1677080884257;0.7030799999997298;0.5912;0
1677080884274;0.7031199999997287;0.5912;0
1677080884303;0.7031599999997277;0.5912;0
1677080884319;0.7031999999997266;0.5912;0
1677080884341;0.7032399999997255;0.5912;0
1677080884359;0.7032799999997245;0.5912;0
1677080884375;0.7033199999997234;0.5912;0
1677080884401;0.7033599999997223;0.5912;0
1677080884416;0.7033999999997212;0.5912;0
1677080884439;0.7034399999997202;0.5912;0
1677080884454;0.7034799999997191;0.5912;0
1677080884474;0.703519999999718;0.5912;0
1677080884494;0.703559999999717;0.5912;0
1677080884525;0.7035999999997159;0.5912;0
1677080884541;0.7036399999997148;0.5912;0
1677080884560;0.7036799999997138;0.5912;0
1677080884577;0.7037199999997127;0.5912;0
1677080884594;0.7037599999997116;0.5912;0
1677080884623;0.7037999999997105;0.5912;0
1677080884641;0.7038399999997095;0.5912;0
1677080884658;0.7038799999997084;0.5912;0
1677080884676;0.7039199999997073;0.5912;0
1677080884694;0.7039599999997063;0.5912;0
1677080884723;0.7039999999997052;0.5912;0
1677080884741;0.7040399999997041;0.5912;0
1677080884759;0.704079999999703;0.5912;0
1677080884775;0.704119999999702;0.5912;0
1677080884794;0.7041599999997009;0.5912;0
1677080884819;0.7041999999996998;0.5912;0
1677080884836;0.7042399999996988;0.5912;0
1677080884859;0.7042799999996977;0.5912;0
1677080884876;0.7043199999996966;0.5912;0
1677080884902;0.7043599999996956;0.5912;0
1677080884919;0.7043999999996945;0.5912;0
1677080884940;0.7044399999996934;0.5912;0
1677080884957;0.7044799999996924;0.5912;0
1677080884974;0.7045199999996913;0.5912;0
1677080885007;0.7045599999996902;0.5912;0
1677080885020;0.7045999999996891;0.5912;0
1677080885041;0.7046399999996881;0.5912;0
1677080885057;0.704679999999687;0.5912;0
1677080885074;0.7047199999996859;0.5912;0
1677080885101;0.7047599999996849;0.5912;0
1677080885118;0.7047999999996838;0.5912;0
1677080885140;0.7048399999996827;0.5912;0
1677080885157;0.7048799999996817;0.5912;0
1677080885175;0.7049199999996806;0.5912;0
1677080885202;0.7049599999996795;0.5912;0
1677080885221;0.7049999999996784;0.5912;0
1677080885240;0.7050399999996774;0.5912;0
1677080885258;0.7050799999996763;0.5912;0
1677080885275;0.7051199999996752;0.5912;0
1677080885302;0.7051599999996742;0.5912;0
1677080885319;0.7051999999996731;0.5912;0
1677080885341;0.705239999999672;0.5912;0
1677080885357;0.705279999999671;0.5912;0
1677080885374;0.7053199999996699;0.5912;0
1677080885402;0.7053599999996688;0.5912;0
1677080885423;0.7053999999996677;0.5912;0
1677080885440;0.7054399999996667;0.5912;0
1677080885458;0.7054799999996656;0.5912;0
1677080885475;0.7055199999996645;0.5912;0
1677080885495;0.7055599999996635;0.5912;0
1677080885522;0.7055999999996624;0.5912;0
1677080885541;0.7056399999996613;0.5912;0
1677080885560;0.7056799999996602;0.5912;0
1677080885577;0.7057199999996592;0.5912;0
1677080885594;0.7057599999996581;0.5912;0
1677080885624;0.705799999999657;0.5912;0
1677080885642;0.705839999999656;0.5912;0
1677080885660;0.7058799999996549;0.5912;0
1677080885676;0.7059199999996538;0.5912;0
1677080885694;0.7059599999996528;0.5912;0
1677080885723;0.7059999999996517;0.5912;0
1677080885741;0.7060399999996506;0.5912;0
1677080885758;0.7060799999996495;0.5912;0
1677080885776;0.7061199999996485;0.5912;0
1677080885794;0.7061599999996474;0.5912;0
1677080885824;0.7061999999996463;0.5912;0
1677080885843;0.7062399999996453;0.5912;0
1677080885859;0.7062799999996442;0.5912;0
1677080885876;0.7063199999996431;0.5912;0
1677080885901;0.706359999999642;0.5912;0
1677080885920;0.706399999999641;0.5912;0
1677080885941;0.7064399999996399;0.5912;0
1677080885958;0.7064799999996388;0.5912;0
1677080885974;0.7065199999996378;0.5912;0
1677080886007;0.7065599999996367;0.5912;0
1677080886021;0.7065999999996356;0.5912;0
1677080886041;0.7066399999996346;0.5912;0
1677080886058;0.7066799999996335;0.5912;0
1677080886075;0.7067199999996324;0.5912;0
1677080886094;0.7067599999996313;0.5912;0
1677080886118;0.7067999999996303;0.5912;0
1677080886137;0.7068399999996292;0.5912;0
1677080886155;0.7068799999996281;0.5912;0
1677080886175;0.7069199999996271;0.5912;0
1677080886202;0.706959999999626;0.5912;0
1677080886221;0.7069999999996249;0.5912;0
1677080886241;0.7070399999996239;0.5912;0
1677080886258;0.7070799999996228;0.5912;0
1677080886274;0.7071199999996217;0.5912;0
1677080886307;0.7071599999996206;0.5912;0
1677080886323;0.7071999999996196;0.5912;0
1677080886341;0.7072399999996185;0.5912;0
1677080886358;0.7072799999996174;0.5912;0
1677080886375;0.7073199999996164;0.5912;0
1677080886394;0.7073599999996153;0.5912;0
1677080886414;0.7073999999996142;0.5912;0
1677080886438;0.7074399999996132;0.5912;0
1677080886455;0.7074799999996121;0.5912;0
1677080886475;0.707519999999611;0.5912;0
1677080886495;0.70755999999961;0.5912;0
1677080886524;0.7075999999996089;0.5912;0
1677080886542;0.7076399999996078;0.5912;0
1677080886560;0.7076799999996067;0.5912;0
1677080886578;0.7077199999996057;0.5912;0
1677080886594;0.7077599999996046;0.5912;0
1677080886625;0.7077999999996035;0.5912;0
1677080886642;0.7078399999996025;0.5912;0
1677080886660;0.7078799999996014;0.5912;0
1677080886677;0.7079199999996003;0.5912;0
1677080886694;0.7079599999995992;0.5912;0
1677080886723;0.7079999999995982;0.5912;0
1677080886742;0.7080399999995971;0.5912;0
1677080886759;0.708079999999596;0.5912;0
1677080886778;0.708119999999595;0.5912;0
1677080886794;0.7081599999995939;0.5912;0
1677080886826;0.7081999999995928;0.5912;0
1677080886842;0.7082399999995918;0.5912;0
1677080886859;0.7082799999995907;0.5912;0
1677080886877;0.7083199999995896;0.5912;0
1677080886903;0.7083599999995885;0.5912;0
1677080886921;0.7083999999995875;0.5912;0
1677080886941;0.7084399999995864;0.5912;0
1677080886958;0.7084799999995853;0.5912;0
1677080886978;0.7085199999995843;0.5912;0
1677080886996;0.7085599999995832;0.5912;0
1677080887019;0.7085999999995821;0.5912;0
1677080887036;0.708639999999581;0.5912;0
1677080887058;0.70867999999958;0.5912;0
1677080887076;0.7087199999995789;0.5912;0
1677080887107;0.7087599999995778;0.5912;0
1677080887119;0.7087999999995768;0.5912;0
1677080887142;0.7088399999995757;0.5912;0
1677080887159;0.7088799999995746;0.5912;0
1677080887175;0.7089199999995736;0.5912;0
1677080887199;0.7089599999995725;0.5912;0
1677080887224;0.7089999999995714;0.5912;0
1677080887237;0.7090399999995703;0.5912;0
1677080887259;0.7090799999995693;0.5912;0
1677080887276;0.7091199999995682;0.5912;0
1677080887293;0.7091599999995671;0.5912;0
1677080887323;0.7091999999995661;0.5912;0
1677080887341;0.709239999999565;0.5912;0
1677080887364;0.7092799999995639;0.5912;0
1677080887378;0.7093199999995629;0.5912;0
1677080887396;0.7093599999995618;0.5912;0
1677080887424;0.7093999999995607;0.5912;0
1677080887440;0.7094399999995596;0.5912;0
1677080887455;0.7094799999995586;0.5912;0
1677080887478;0.7095199999995575;0.5912;0
1677080887502;0.7095599999995564;0.5912;0
1677080887516;0.7095999999995554;0.5912;0
1677080887547;0.7096399999995543;0.5912;0
1677080887560;0.7096799999995532;0.5912;0
1677080887578;0.7097199999995522;0.5912;0
1677080887595;0.7097599999995511;0.5912;0
1677080887625;0.70979999999955;0.5912;0
1677080887643;0.7098399999995489;0.5912;0
1677080887660;0.7098799999995479;0.5912;0
1677080887678;0.7099199999995468;0.5912;0
1677080887694;0.7099599999995457;0.5912;0
1677080887726;0.7099999999995447;0.5912;0
1677080887742;0.7100399999995436;0.5912;0
1677080887760;0.7100799999995425;0.5912;0
1677080887780;0.7101199999995415;0.5912;0
1677080887795;0.7101599999995404;0.5912;0
1677080887827;0.7101999999995393;0.5912;0
1677080887844;0.7102399999995382;0.5912;0
1677080887863;0.7102799999995372;0.5912;0
1677080887880;0.7103199999995361;0.5912;0
1677080887895;0.710359999999535;0.5912;0
1677080887915;0.710399999999534;0.5912;0
1677080887939;0.7104399999995329;0.5912;0
1677080887954;0.7104799999995318;0.5912;0
1677080887975;0.7105199999995307;0.5912;0
1677080888008;0.7105599999995297;0.5912;0
1677080888022;0.7105999999995286;0.5912;0
1677080888042;0.7106399999995275;0.5912;0
1677080888058;0.7106799999995265;0.5912;0
1677080888077;0.7107199999995254;0.5912;0
1677080888107;0.7107599999995243;0.5912;0
1677080888120;0.7107999999995233;0.5912;0
1677080888142;0.7108399999995222;0.5912;0
1677080888158;0.7108799999995211;0.5912;0
1677080888176;0.71091999999952;0.5912;0
1677080888197;0.710959999999519;0.5912;0
1677080888219;0.7109999999995179;0.5912;0
1677080888238;0.7110399999995168;0.5912;0
1677080888259;0.7110799999995158;0.5912;0
1677080888276;0.7111199999995147;0.5912;0
1677080888303;0.7111599999995136;0.5912;0
1677080888320;0.7111999999995126;0.5912;0
1677080888343;0.7112399999995115;0.5912;0
1677080888361;0.7112799999995104;0.5912;0
1677080888377;0.7113199999995093;0.5912;0
1677080888396;0.7113599999995083;0.5912;0
1677080888413;0.7113999999995072;0.5912;0
1677080888445;0.7114199999995078;0.5912;0
1677080888461;0.7114399999995084;0.5912;0
1677080888477;0.7114599999995089;0.5912;0
1677080888496;0.7114799999995095;0.5912;0
1677080888514;0.7114999999995101;0.5912;0
1677080888533;0.7115199999995107;0.5912;0
1677080888564;0.7115399999995112;0.5912;0
1677080888578;0.7115599999995118;0.5912;0
1677080888595;0.7115799999995124;0.5912;0
1677080888615;0.711599999999513;0.5912;0
1677080888647;0.7116199999995135;0.5912;0
1677080888663;0.7116399999995141;0.5912;0
1677080888680;0.7116599999995147;0.5912;0
1677080888697;0.7116799999995153;0.5912;0
1677080888714;0.7116999999995158;0.5912;0
1677080888735;0.7117199999995164;0.5912;0
1677080888759;0.711739999999517;0.5912;0
1677080888777;0.7117599999995176;0.5912;0
1677080888795;0.7117799999995181;0.5912;0
1677080888815;0.7117999999995187;0.5912;0
1677080888844;0.7118199999995193;0.5912;0
1677080888860;0.7118399999995199;0.5912;0
1677080888879;0.7118599999995204;0.5912;0
1677080888894;0.711879999999521;0.5912;0
1677080888921;0.7118999999995216;0.5912;0
1677080888940;0.7119199999995222;0.5912;0
1677080888958;0.7119399999995227;0.5912;0
1677080888976;0.7119599999995233;0.5912;0
1677080888994;0.7119799999995239;0.5912;0
1677080889023;0.7119999999995245;0.5912;0
1677080889038;0.712019999999525;0.5912;0
1677080889059;0.7120399999995256;0.5912;0
1677080889076;0.7120599999995262;0.5912;0
1677080889094;0.7120799999995268;0.5912;0
1677080889115;0.7120999999995273;0.5912;0
1677080889137;0.7121199999995279;0.5912;0
1677080889158;0.7121399999995285;0.5912;0
1677080889180;0.7121599999995291;0.5912;0
1677080889196;0.7121799999995296;0.5912;0
1677080889213;0.7121999999995302;0.5912;0
1677080889237;0.7122199999995308;0.5912;0
1677080889255;0.7122399999995314;0.5912;0
1677080889277;0.7122599999995319;0.5912;0
1677080889316;0.7122799999995325;0.5912;0
1677080889317;0.7122999999995331;0.5912;0
1677080889342;0.7123199999995337;0.5912;0
1677080889358;0.7123399999995342;0.5912;0
1677080889375;0.7123599999995348;0.5912;0
1677080889394;0.7123799999995354;0.5912;0
1677080889427;0.712399999999536;0.5912;0
1677080889440;0.7124199999995365;0.5912;0
1677080889462;0.7124399999995371;0.5912;0
1677080889477;0.7124599999995377;0.5912;0
1677080889495;0.7124799999995383;0.5912;0
1677080889519;0.7124999999995388;0.5912;0
1677080889544;0.7125199999995394;0.5912;0
1677080889560;0.71253999999954;0.5912;0
1677080889578;0.7125599999995406;0.5912;0
1677080889597;0.7125799999995411;0.5912;0
1677080889624;0.7125999999995417;0.5912;0
1677080889643;0.7126199999995423;0.5912;0
1677080889662;0.7126399999995429;0.5912;0
1677080889678;0.7126599999995434;0.5912;0
1677080889696;0.712679999999544;0.5912;0
1677080889714;0.7126999999995446;0.5912;0
1677080889744;0.7127199999995452;0.5912;0
1677080889763;0.7127399999995457;0.5912;0
1677080889779;0.7127599999995463;0.5912;0
1677080889796;0.7127799999995469;0.5912;0
1677080889814;0.7127999999995475;0.5912;0
1677080889845;0.712819999999548;0.5912;0
1677080889861;0.7128399999995486;0.5912;0
1677080889880;0.7128599999995492;0.5912;0
1677080889895;0.7128799999995498;0.5912;0
1677080889922;0.7128999999995503;0.5912;0
1677080889940;0.7129199999995509;0.5912;0
1677080889959;0.7129399999995515;0.5912;0
1677080889976;0.7129599999995521;0.5912;0
1677080889994;0.7129799999995526;0.5912;0
1677080890022;0.7129999999995532;0.5912;0
1677080890039;0.7130199999995538;0.5912;0
1677080890059;0.7130399999995544;0.5912;0
1677080890076;0.7130599999995549;0.5912;0
1677080890095;0.7130799999995555;0.5912;0
1677080890119;0.7130999999995561;0.5912;0
1677080890138;0.7131199999995567;0.5912;0
1677080890155;0.7131399999995572;0.5912;0
1677080890176;0.7131599999995578;0.5912;0
1677080890194;0.7131799999995584;0.5912;0
1677080890221;0.713199999999559;0.5912;0
1677080890238;0.7132199999995595;0.5912;0
1677080890260;0.7132399999995601;0.5912;0
1677080890276;0.7132599999995607;0.5912;0
1677080890295;0.7132799999995613;0.5912;0
1677080890320;0.7132999999995618;0.5912;0
1677080890340;0.7133199999995624;0.5912;0
1677080890359;0.713339999999563;0.5912;0
1677080890377;0.7133599999995636;0.5912;0
1677080890394;0.7133799999995641;0.5912;0
1677080890426;0.7133999999995647;0.5912;0
1677080890440;0.7134199999995653;0.5912;0
1677080890460;0.7134399999995659;0.5912;0
1677080890477;0.7134599999995664;0.5912;0
1677080890495;0.713479999999567;0.5912;0
1677080890515;0.7134999999995676;0.5912;0
1677080890542;0.7135199999995682;0.5912;0
1677080890561;0.7135399999995687;0.5912;0
1677080890581;0.7135599999995693;0.5912;0
1677080890597;0.7135799999995699;0.5912;0
1677080890614;0.7135999999995705;0.5912;0
1677080890644;0.713619999999571;0.5912;0
1677080890661;0.7136399999995716;0.5912;0
1677080890678;0.7136599999995722;0.5912;0
1677080890697;0.7136799999995728;0.5912;0
1677080890727;0.7136999999995733;0.5912;0
1677080890734;0.7137199999995739;0.5912;0
1677080890762;0.7137399999995745;0.5912;0
1677080890779;0.7137599999995751;0.5912;0
1677080890796;0.7137799999995756;0.5912;0
1677080890815;0.7137999999995762;0.5912;0
1677080890843;0.7138199999995768;0.5912;0
1677080890863;0.7138399999995774;0.5912;0
1677080890878;0.7138599999995779;0.5912;0
1677080890896;0.7138799999995785;0.5912;0
1677080890914;0.7138999999995791;0.5912;0
1677080890938;0.7139199999995797;0.5912;0
1677080890955;0.7139399999995802;0.5912;0
1677080890979;0.7139599999995808;0.5912;0
1677080890994;0.7139799999995814;0.5912;0
1677080891025;0.713999999999582;0.5912;0
1677080891038;0.7140199999995825;0.5912;0
1677080891061;0.7140399999995831;0.5912;0
1677080891076;0.7140599999995837;0.5912;0
1677080891094;0.7140799999995843;0.5912;0
1677080891114;0.7140999999995848;0.5912;0
1677080891139;0.7141199999995854;0.5912;0
1677080891158;0.714139999999586;0.5912;0
1677080891176;0.7141599999995866;0.5912;0
1677080891198;0.7141799999995871;0.5912;0
1677080891220;0.7141999999995877;0.5912;0
1677080891238;0.7142199999995883;0.5912;0
